Salary From,,Salary To,Single,Married/Spouse Not Working 0 K,Married/Spouse Not Working 0 K1,Married/Spouse Not Working 0 K2,Married/Spouse Not Working 0 K3,Married/Spouse Not Working 0 K4,Married/Spouse Not Working 0 K5,Married/Spouse Not Working 0 K6,Married/Spouse Not Working 0 K7,Married/Spouse Not Working 0 K8,Married/Spouse Not Working 0 K9,Married/Spouse Not Working 0 K10,Married/Spouse Working 0 K,Married/Spouse Working 0 K1,Married/Spouse Working 0 K2,Married/Spouse Working 0 K3,Married/Spouse Working 0 K4,Married/Spouse Working 0 K5,Married/Spouse Working 0 K6,Married/Spouse Working 0 K7,Married/Spouse Working 0 K8,Married/Spouse Working 0 K9,Married/Spouse Working 0 K10
3141,-,3145,1,0,0,0,0,0,0,0,0,0,0,0,1,0,0,0,0,0,0,0,0,0,0
3146,-,3150,1.15,0,0,0,0,0,0,0,0,0,0,0,1.15,0,0,0,0,0,0,0,0,0,0
3151,-,3155,1.3,0,0,0,0,0,0,0,0,0,0,0,1.3,0,0,0,0,0,0,0,0,0,0
3156,-,3160,1.45,0,0,0,0,0,0,0,0,0,0,0,1.45,0,0,0,0,0,0,0,0,0,0
3161,-,3165,1.6,0,0,0,0,0,0,0,0,0,0,0,1.6,0,0,0,0,0,0,0,0,0,0
3166,-,3170,1.75,0,0,0,0,0,0,0,0,0,0,0,1.75,0,0,0,0,0,0,0,0,0,0
3171,-,3175,1.9,0,0,0,0,0,0,0,0,0,0,0,1.9,0,0,0,0,0,0,0,0,0,0
3176,-,3180,2.05,0,0,0,0,0,0,0,0,0,0,0,2.05,0,0,0,0,0,0,0,0,0,0
3181,-,3185,2.2,0,0,0,0,0,0,0,0,0,0,0,2.2,0,0,0,0,0,0,0,0,0,0
3186,-,3190,2.35,0,0,0,0,0,0,0,0,0,0,0,2.35,0,0,0,0,0,0,0,0,0,0
3191,-,3195,2.5,0,0,0,0,0,0,0,0,0,0,0,2.5,0,0,0,0,0,0,0,0,0,0
3196,-,3200,2.65,0,0,0,0,0,0,0,0,0,0,0,2.65,0,0,0,0,0,0,0,0,0,0
3201,-,3205,2.8,0,0,0,0,0,0,0,0,0,0,0,2.8,0,0,0,0,0,0,0,0,0,0
3206,-,3210,2.95,0,0,0,0,0,0,0,0,0,0,0,2.95,0,0,0,0,0,0,0,0,0,0
3211,-,3215,3.1,0,0,0,0,0,0,0,0,0,0,0,3.1,0,0,0,0,0,0,0,0,0,0
3216,-,3220,3.25,0,0,0,0,0,0,0,0,0,0,0,3.25,0,0,0,0,0,0,0,0,0,0
3221,-,3225,3.4,0,0,0,0,0,0,0,0,0,0,0,3.4,0,0,0,0,0,0,0,0,0,0
3226,-,3230,3.55,0,0,0,0,0,0,0,0,0,0,0,3.55,0,0,0,0,0,0,0,0,0,0
3231,-,3235,3.7,0,0,0,0,0,0,0,0,0,0,0,3.7,0,0,0,0,0,0,0,0,0,0
3236,-,3240,3.85,0,0,0,0,0,0,0,0,0,0,0,3.85,0,0,0,0,0,0,0,0,0,0
3241,-,3245,4,0,0,0,0,0,0,0,0,0,0,0,4,0,0,0,0,0,0,0,0,0,0
3246,-,3250,4.15,0,0,0,0,0,0,0,0,0,0,0,4.15,0,0,0,0,0,0,0,0,0,0
3251,-,3255,4.3,0,0,0,0,0,0,0,0,0,0,0,4.3,0,0,0,0,0,0,0,0,0,0
3256,-,3260,4.45,0,0,0,0,0,0,0,0,0,0,0,4.45,0,0,0,0,0,0,0,0,0,0
3261,-,3265,4.6,0,0,0,0,0,0,0,0,0,0,0,4.6,0,0,0,0,0,0,0,0,0,0
3266,-,3270,4.75,0,0,0,0,0,0,0,0,0,0,0,4.75,0,0,0,0,0,0,0,0,0,0
3271,-,3275,4.9,0,0,0,0,0,0,0,0,0,0,0,4.9,0,0,0,0,0,0,0,0,0,0
3276,-,3280,5.05,0,0,0,0,0,0,0,0,0,0,0,5.05,0,0,0,0,0,0,0,0,0,0
1 of 732,,,,,,,,,,,,,,,,,,,,,,,,,
,,,,,,,,,,,,,,,,,,,,,,,,,
"Jumlah
Saraan Bersih
Bulanan",,,,,,,,,,,,,"POTONGAN CUKAI BULANAN
MONTHLY TAX DEDUCTIONS",,,,,,,,,,,,
Total,,,"Kategori
1",,,,,,"Kategori 2
Category 2",,,,,,,,,,,,,,,,
"Monthly Net
Remuneration",,,"Category
1",,,,,"Jika isteri/suami tidak bekerja
Where wife/husband is not working",,,,,,,,,,,,,,,,,
,,,B,K,KA1,KA2,KA3,KA4,KA5,KA6,KA7,KA8,KA9,KA10,K,KA1,KA2,KA3,KA4,KA5,KA6,KA7,KA8,KA9,KA10
RM,,,RM,RM,RM,RM,RM,RM,RM,RM,RM,RM,RM,RM,RM,RM,RM,RM,RM,RM,RM,RM,RM,RM,RM
3281,-,3285,5.2,0,0,0,0,0,0,0,0,0,0,0,5.2,0,0,0,0,0,0,0,0,0,0
3286,-,3290,5.35,0,0,0,0,0,0,0,0,0,0,0,5.35,0,0,0,0,0,0,0,0,0,0
3291,-,3295,5.5,0,0,0,0,0,0,0,0,0,0,0,5.5,0,0,0,0,0,0,0,0,0,0
3296,-,3300,5.65,0,0,0,0,0,0,0,0,0,0,0,5.65,0,0,0,0,0,0,0,0,0,0
3301,-,3305,5.8,0,0,0,0,0,0,0,0,0,0,0,5.8,0,0,0,0,0,0,0,0,0,0
3306,-,3310,5.95,0,0,0,0,0,0,0,0,0,0,0,5.95,0,0,0,0,0,0,0,0,0,0
3311,-,3315,6.1,0,0,0,0,0,0,0,0,0,0,0,6.1,1.1,0,0,0,0,0,0,0,0,0
3316,-,3320,6.25,0,0,0,0,0,0,0,0,0,0,0,6.25,1.25,0,0,0,0,0,0,0,0,0
3321,-,3325,6.4,0,0,0,0,0,0,0,0,0,0,0,6.4,1.4,0,0,0,0,0,0,0,0,0
3326,-,3330,6.55,0,0,0,0,0,0,0,0,0,0,0,6.55,1.55,0,0,0,0,0,0,0,0,0
3331,-,3335,6.7,0,0,0,0,0,0,0,0,0,0,0,6.7,1.7,0,0,0,0,0,0,0,0,0
3336,-,3340,6.85,0,0,0,0,0,0,0,0,0,0,0,6.85,1.85,0,0,0,0,0,0,0,0,0
3341,-,3345,7,0,0,0,0,0,0,0,0,0,0,0,7,2,0,0,0,0,0,0,0,0,0
3346,-,3350,7.15,0,0,0,0,0,0,0,0,0,0,0,7.15,2.15,0,0,0,0,0,0,0,0,0
3351,-,3355,7.3,0,0,0,0,0,0,0,0,0,0,0,7.3,2.3,0,0,0,0,0,0,0,0,0
3356,-,3360,7.45,0,0,0,0,0,0,0,0,0,0,0,7.45,2.45,0,0,0,0,0,0,0,0,0
3361,-,3365,7.6,0,0,0,0,0,0,0,0,0,0,0,7.6,2.6,0,0,0,0,0,0,0,0,0
3366,-,3370,7.75,0,0,0,0,0,0,0,0,0,0,0,7.75,2.75,0,0,0,0,0,0,0,0,0
3371,-,3375,7.9,0,0,0,0,0,0,0,0,0,0,0,7.9,2.9,0,0,0,0,0,0,0,0,0
3376,-,3380,8.05,0,0,0,0,0,0,0,0,0,0,0,8.05,3.05,0,0,0,0,0,0,0,0,0
3381,-,3385,8.2,0,0,0,0,0,0,0,0,0,0,0,8.2,3.2,0,0,0,0,0,0,0,0,0
3386,-,3390,8.35,0,0,0,0,0,0,0,0,0,0,0,8.35,3.35,0,0,0,0,0,0,0,0,0
3391,-,3395,8.5,0,0,0,0,0,0,0,0,0,0,0,8.5,3.5,0,0,0,0,0,0,0,0,0
3396,-,3400,8.65,0,0,0,0,0,0,0,0,0,0,0,8.65,3.65,0,0,0,0,0,0,0,0,0
3401,-,3405,8.8,0,0,0,0,0,0,0,0,0,0,0,8.8,3.8,0,0,0,0,0,0,0,0,0
3406,-,3410,8.95,0,0,0,0,0,0,0,0,0,0,0,8.95,3.95,0,0,0,0,0,0,0,0,0
3411,-,3415,9.1,0,0,0,0,0,0,0,0,0,0,0,9.1,4.1,0,0,0,0,0,0,0,0,0
3416,-,3420,9.25,0,0,0,0,0,0,0,0,0,0,0,9.25,4.25,0,0,0,0,0,0,0,0,0
3421,-,3425,9.4,0,0,0,0,0,0,0,0,0,0,0,9.4,4.4,0,0,0,0,0,0,0,0,0
3426,-,3430,9.55,0,0,0,0,0,0,0,0,0,0,0,9.55,4.55,0,0,0,0,0,0,0,0,0
3431,-,3435,9.7,0,0,0,0,0,0,0,0,0,0,0,9.7,4.7,0,0,0,0,0,0,0,0,0
3436,-,3440,9.85,0,0,0,0,0,0,0,0,0,0,0,9.85,4.85,0,0,0,0,0,0,0,0,0
3441,-,3445,10,0,0,0,0,0,0,0,0,0,0,0,10,5,0,0,0,0,0,0,0,0,0
3446,-,3450,10.15,0,0,0,0,0,0,0,0,0,0,0,10.15,5.15,0,0,0,0,0,0,0,0,0
3451,-,3455,10.3,0,0,0,0,0,0,0,0,0,0,0,10.3,5.3,0,0,0,0,0,0,0,0,0
3456,-,3460,10.45,0,0,0,0,0,0,0,0,0,0,0,10.45,5.45,0,0,0,0,0,0,0,0,0
3461,-,3465,10.6,0,0,0,0,0,0,0,0,0,0,0,10.6,5.6,0,0,0,0,0,0,0,0,0
3466,-,3470,10.75,0,0,0,0,0,0,0,0,0,0,0,10.75,5.75,0,0,0,0,0,0,0,0,0
3471,-,3475,10.9,0,0,0,0,0,0,0,0,0,0,0,10.9,5.9,0,0,0,0,0,0,0,0,0
3476,-,3480,11.05,0,0,0,0,0,0,0,0,0,0,0,11.05,6.05,1.05,0,0,0,0,0,0,0,0
3481,-,3485,11.2,0,0,0,0,0,0,0,0,0,0,0,11.2,6.2,1.2,0,0,0,0,0,0,0,0
3486,-,3490,11.35,0,0,0,0,0,0,0,0,0,0,0,11.35,6.35,1.35,0,0,0,0,0,0,0,0
3491,-,3495,11.5,0,0,0,0,0,0,0,0,0,0,0,11.5,6.5,1.5,0,0,0,0,0,0,0,0
3496,-,3500,11.65,0,0,0,0,0,0,0,0,0,0,0,11.65,6.65,1.65,0,0,0,0,0,0,0,0
3501,-,3505,11.8,0,0,0,0,0,0,0,0,0,0,0,11.8,6.8,1.8,0,0,0,0,0,0,0,0
3506,-,3510,11.95,0,0,0,0,0,0,0,0,0,0,0,11.95,6.95,1.95,0,0,0,0,0,0,0,0
3511,-,3515,12.1,0,0,0,0,0,0,0,0,0,0,0,12.1,7.1,2.1,0,0,0,0,0,0,0,0
2 of 732,,,,,,,,,,,,,,,,,,,,,,,,,
,,,,,,,,,,,,,,,,,,,,,,,,,
"Jumlah
Saraan Bersih
Bulanan",,,,,,,,,,,,,"POTONGAN CUKAI BULANAN
MONTHLY TAX DEDUCTIONS",,,,,,,,,,,,
Total,,,"Kategori
1",,,,,,"Kategori 2
Category 2",,,,,,,,,,,"Kategori 3
Category 3",,,,,
"Monthly Net
Remuneration",,,"Category
1",,,,,"Jika isteri/suami tidak bekerja
Where wife/husband is not working",,,,,,,,,,,"Jika isteri/suami bekerja
Where wife/husband is working",,,,,,
,,,B,K,KA1,KA2,KA3,KA4,KA5,KA6,KA7,KA8,KA9,KA10,K,KA1,KA2,KA3,KA4,KA5,KA6,KA7,KA8,KA9,KA10
RM,,,RM,RM,RM,RM,RM,RM,RM,RM,RM,RM,RM,RM,RM,RM,RM,RM,RM,RM,RM,RM,RM,RM,RM
3516,-,3520,12.25,0,0,0,0,0,0,0,0,0,0,0,12.25,7.25,2.25,0,0,0,0,0,0,0,0
3521,-,3525,12.4,0,0,0,0,0,0,0,0,0,0,0,12.4,7.4,2.4,0,0,0,0,0,0,0,0
3526,-,3530,12.55,0,0,0,0,0,0,0,0,0,0,0,12.55,7.55,2.55,0,0,0,0,0,0,0,0
3531,-,3535,12.7,0,0,0,0,0,0,0,0,0,0,0,12.7,7.7,2.7,0,0,0,0,0,0,0,0
3536,-,3540,12.85,0,0,0,0,0,0,0,0,0,0,0,12.85,7.85,2.85,0,0,0,0,0,0,0,0
3541,-,3545,13,0,0,0,0,0,0,0,0,0,0,0,13,8,3,0,0,0,0,0,0,0,0
3546,-,3550,13.15,0,0,0,0,0,0,0,0,0,0,0,13.15,8.15,3.15,0,0,0,0,0,0,0,0
3551,-,3555,13.3,0,0,0,0,0,0,0,0,0,0,0,13.3,8.3,3.3,0,0,0,0,0,0,0,0
3556,-,3560,13.45,0,0,0,0,0,0,0,0,0,0,0,13.45,8.45,3.45,0,0,0,0,0,0,0,0
3561,-,3565,13.6,0,0,0,0,0,0,0,0,0,0,0,13.6,8.6,3.6,0,0,0,0,0,0,0,0
3566,-,3570,13.75,0,0,0,0,0,0,0,0,0,0,0,13.75,8.75,3.75,0,0,0,0,0,0,0,0
3571,-,3575,13.9,0,0,0,0,0,0,0,0,0,0,0,13.9,8.9,3.9,0,0,0,0,0,0,0,0
3576,-,3580,14.05,0,0,0,0,0,0,0,0,0,0,0,14.05,9.05,4.05,0,0,0,0,0,0,0,0
3581,-,3585,14.2,0,0,0,0,0,0,0,0,0,0,0,14.2,9.2,4.2,0,0,0,0,0,0,0,0
3586,-,3590,14.35,0,0,0,0,0,0,0,0,0,0,0,14.35,9.35,4.35,0,0,0,0,0,0,0,0
3591,-,3595,14.5,0,0,0,0,0,0,0,0,0,0,0,14.5,9.5,4.5,0,0,0,0,0,0,0,0
3596,-,3600,14.65,0,0,0,0,0,0,0,0,0,0,0,14.65,9.65,4.65,0,0,0,0,0,0,0,0
3601,-,3605,14.8,0,0,0,0,0,0,0,0,0,0,0,14.8,9.8,4.8,0,0,0,0,0,0,0,0
3606,-,3610,14.95,0,0,0,0,0,0,0,0,0,0,0,14.95,9.95,4.95,0,0,0,0,0,0,0,0
3611,-,3615,15.1,0,0,0,0,0,0,0,0,0,0,0,15.1,10.1,5.1,0,0,0,0,0,0,0,0
3616,-,3620,15.25,0,0,0,0,0,0,0,0,0,0,0,15.25,10.25,5.25,0,0,0,0,0,0,0,0
3621,-,3625,15.4,0,0,0,0,0,0,0,0,0,0,0,15.4,10.4,5.4,0,0,0,0,0,0,0,0
3626,-,3630,15.55,0,0,0,0,0,0,0,0,0,0,0,15.55,10.55,5.55,0,0,0,0,0,0,0,0
3631,-,3635,15.7,0,0,0,0,0,0,0,0,0,0,0,15.7,10.7,5.7,0,0,0,0,0,0,0,0
3636,-,3640,15.85,0,0,0,0,0,0,0,0,0,0,0,15.85,10.85,5.85,0,0,0,0,0,0,0,0
3641,-,3645,16,0,0,0,0,0,0,0,0,0,0,0,16,11,6,1,0,0,0,0,0,0,0
3646,-,3650,16.15,0,0,0,0,0,0,0,0,0,0,0,16.15,11.15,6.15,1.15,0,0,0,0,0,0,0
3651,-,3655,16.3,0,0,0,0,0,0,0,0,0,0,0,16.3,11.3,6.3,1.3,0,0,0,0,0,0,0
3656,-,3660,16.45,0,0,0,0,0,0,0,0,0,0,0,16.45,11.45,6.45,1.45,0,0,0,0,0,0,0
3661,-,3665,16.6,0,0,0,0,0,0,0,0,0,0,0,16.6,11.6,6.6,1.6,0,0,0,0,0,0,0
3666,-,3670,50.25,0,0,0,0,0,0,0,0,0,0,0,50.25,11.75,6.75,1.75,0,0,0,0,0,0,0
3671,-,3675,50.65,0,0,0,0,0,0,0,0,0,0,0,50.65,11.9,6.9,1.9,0,0,0,0,0,0,0
3676,-,3680,51.05,0,0,0,0,0,0,0,0,0,0,0,51.05,12.05,7.05,2.05,0,0,0,0,0,0,0
3681,-,3685,51.45,0,0,0,0,0,0,0,0,0,0,0,51.45,12.2,7.2,2.2,0,0,0,0,0,0,0
3686,-,3690,51.85,0,0,0,0,0,0,0,0,0,0,0,51.85,12.35,7.35,2.35,0,0,0,0,0,0,0
3691,-,3695,52.25,0,0,0,0,0,0,0,0,0,0,0,52.25,12.5,7.5,2.5,0,0,0,0,0,0,0
3696,-,3700,52.65,0,0,0,0,0,0,0,0,0,0,0,52.65,12.65,7.65,2.65,0,0,0,0,0,0,0
3701,-,3705,53.05,0,0,0,0,0,0,0,0,0,0,0,53.05,12.8,7.8,2.8,0,0,0,0,0,0,0
3706,-,3710,53.45,0,0,0,0,0,0,0,0,0,0,0,53.45,12.95,7.95,2.95,0,0,0,0,0,0,0
3711,-,3715,53.85,0,0,0,0,0,0,0,0,0,0,0,53.85,13.1,8.1,3.1,0,0,0,0,0,0,0
3716,-,3720,54.25,0,0,0,0,0,0,0,0,0,0,0,54.25,13.25,8.25,3.25,0,0,0,0,0,0,0
3721,-,3725,54.65,0,0,0,0,0,0,0,0,0,0,0,54.65,13.4,8.4,3.4,0,0,0,0,0,0,0
3726,-,3730,55.05,0,0,0,0,0,0,0,0,0,0,0,55.05,13.55,8.55,3.55,0,0,0,0,0,0,0
3731,-,3735,55.45,0,0,0,0,0,0,0,0,0,0,0,55.45,13.7,8.7,3.7,0,0,0,0,0,0,0
3736,-,3740,55.85,0,0,0,0,0,0,0,0,0,0,0,55.85,13.85,8.85,3.85,0,0,0,0,0,0,0
3741,-,3745,56.25,0,0,0,0,0,0,0,0,0,0,0,56.25,14,9,4,0,0,0,0,0,0,0
3746,-,3750,56.65,0,0,0,0,0,0,0,0,0,0,0,56.65,14.15,9.15,4.15,0,0,0,0,0,0,0
3 of 732,,,,,,,,,,,,,,,,,,,,,,,,,
,,,,,,,,,,,,,,,,,,,,,,,,,
"Jumlah
Saraan Bersih
Bulanan",,,,,,,,,,,,,"POTONGAN CUKAI BULANAN
MONTHLY TAX DEDUCTIONS",,,,,,,,,,,,
Total,,,"Kategori
1",,,,,,"Kategori 2
Category 2",,,,,,,,,,"Kategori 3
Category 3",,,,,,
"Monthly Net
Remuneration",,,"Category
1",,,,,"Jika isteri/suami tidak bekerja
Where wife/husband is not working",,,,,,,,,,,"Jika isteri/suami bekerja
Where wife/husband is working",,,,,,
,,,B,K,KA1,KA2,KA3,KA4,KA5,KA6,KA7,KA8,KA9,KA10,K,KA1,KA2,KA3,KA4,KA5,KA6,KA7,KA8,KA9,KA10
RM,,,RM,RM,RM,RM,RM,RM,RM,RM,RM,RM,RM,RM,RM,RM,RM,RM,RM,RM,RM,RM,RM,RM,RM
3751,-,3755,57.05,0,0,0,0,0,0,0,0,0,0,0,57.05,14.3,9.3,4.3,0,0,0,0,0,0,0
3756,-,3760,57.45,0,0,0,0,0,0,0,0,0,0,0,57.45,14.45,9.45,4.45,0,0,0,0,0,0,0
3761,-,3765,57.85,0,0,0,0,0,0,0,0,0,0,0,57.85,14.6,9.6,4.6,0,0,0,0,0,0,0
3766,-,3770,58.25,0,0,0,0,0,0,0,0,0,0,0,58.25,14.75,9.75,4.75,0,0,0,0,0,0,0
3771,-,3775,58.65,0,0,0,0,0,0,0,0,0,0,0,58.65,14.9,9.9,4.9,0,0,0,0,0,0,0
3776,-,3780,59.05,0,0,0,0,0,0,0,0,0,0,0,59.05,15.05,10.05,5.05,0,0,0,0,0,0,0
3781,-,3785,59.45,0,0,0,0,0,0,0,0,0,0,0,59.45,15.2,10.2,5.2,0,0,0,0,0,0,0
3786,-,3790,59.85,0,0,0,0,0,0,0,0,0,0,0,59.85,15.35,10.35,5.35,0,0,0,0,0,0,0
3791,-,3795,60.25,0,0,0,0,0,0,0,0,0,0,0,60.25,15.5,10.5,5.5,0,0,0,0,0,0,0
3796,-,3800,60.65,0,0,0,0,0,0,0,0,0,0,0,60.65,15.65,10.65,5.65,0,0,0,0,0,0,0
3801,-,3805,61.05,0,0,0,0,0,0,0,0,0,0,0,61.05,15.8,10.8,5.8,0,0,0,0,0,0,0
3806,-,3810,61.45,0,0,0,0,0,0,0,0,0,0,0,61.45,15.95,10.95,5.95,0,0,0,0,0,0,0
3811,-,3815,61.85,0,0,0,0,0,0,0,0,0,0,0,61.85,16.1,11.1,6.1,1.1,0,0,0,0,0,0
3816,-,3820,62.25,0,0,0,0,0,0,0,0,0,0,0,62.25,16.25,11.25,6.25,1.25,0,0,0,0,0,0
3821,-,3825,62.65,0,0,0,0,0,0,0,0,0,0,0,62.65,16.4,11.4,6.4,1.4,0,0,0,0,0,0
3826,-,3830,63.05,0,0,0,0,0,0,0,0,0,0,0,63.05,16.55,11.55,6.55,1.55,0,0,0,0,0,0
3831,-,3835,63.45,0,0,0,0,0,0,0,0,0,0,0,63.45,50.15,11.7,6.7,1.7,0,0,0,0,0,0
3836,-,3840,63.85,0,0,0,0,0,0,0,0,0,0,0,63.85,50.55,11.85,6.85,1.85,0,0,0,0,0,0
3841,-,3845,64.25,0,0,0,0,0,0,0,0,0,0,0,64.25,50.95,12,7,2,0,0,0,0,0,0
3846,-,3850,64.65,0,0,0,0,0,0,0,0,0,0,0,64.65,51.35,12.15,7.15,2.15,0,0,0,0,0,0
3851,-,3855,65.05,0,0,0,0,0,0,0,0,0,0,0,65.05,51.75,12.3,7.3,2.3,0,0,0,0,0,0
3856,-,3860,65.45,0,0,0,0,0,0,0,0,0,0,0,65.45,52.15,12.45,7.45,2.45,0,0,0,0,0,0
3861,-,3865,65.85,0,0,0,0,0,0,0,0,0,0,0,65.85,52.55,12.6,7.6,2.6,0,0,0,0,0,0
3866,-,3870,66.25,0,0,0,0,0,0,0,0,0,0,0,66.25,52.95,12.75,7.75,2.75,0,0,0,0,0,0
3871,-,3875,66.65,0,0,0,0,0,0,0,0,0,0,0,66.65,53.35,12.9,7.9,2.9,0,0,0,0,0,0
3876,-,3880,67.05,0,0,0,0,0,0,0,0,0,0,0,67.05,53.75,13.05,8.05,3.05,0,0,0,0,0,0
3881,-,3885,67.45,0,0,0,0,0,0,0,0,0,0,0,67.45,54.15,13.2,8.2,3.2,0,0,0,0,0,0
3886,-,3890,67.85,0,0,0,0,0,0,0,0,0,0,0,67.85,54.55,13.35,8.35,3.35,0,0,0,0,0,0
3891,-,3895,68.25,0,0,0,0,0,0,0,0,0,0,0,68.25,54.95,13.5,8.5,3.5,0,0,0,0,0,0
3896,-,3900,68.65,0,0,0,0,0,0,0,0,0,0,0,68.65,55.35,13.65,8.65,3.65,0,0,0,0,0,0
3901,-,3905,69.05,0,0,0,0,0,0,0,0,0,0,0,69.05,55.75,13.8,8.8,3.8,0,0,0,0,0,0
3906,-,3910,69.45,0,0,0,0,0,0,0,0,0,0,0,69.45,56.15,13.95,8.95,3.95,0,0,0,0,0,0
3911,-,3915,69.85,0,0,0,0,0,0,0,0,0,0,0,69.85,56.55,14.1,9.1,4.1,0,0,0,0,0,0
3916,-,3920,70.25,0,0,0,0,0,0,0,0,0,0,0,70.25,56.95,14.25,9.25,4.25,0,0,0,0,0,0
3921,-,3925,70.65,0,0,0,0,0,0,0,0,0,0,0,70.65,57.35,14.4,9.4,4.4,0,0,0,0,0,0
3926,-,3930,71.05,0,0,0,0,0,0,0,0,0,0,0,71.05,57.75,14.55,9.55,4.55,0,0,0,0,0,0
3931,-,3935,71.45,0,0,0,0,0,0,0,0,0,0,0,71.45,58.15,14.7,9.7,4.7,0,0,0,0,0,0
3936,-,3940,71.85,0,0,0,0,0,0,0,0,0,0,0,71.85,58.55,14.85,9.85,4.85,0,0,0,0,0,0
3941,-,3945,72.25,0,0,0,0,0,0,0,0,0,0,0,72.25,58.95,15,10,5,0,0,0,0,0,0
3946,-,3950,72.65,0,0,0,0,0,0,0,0,0,0,0,72.65,59.35,15.15,10.15,5.15,0,0,0,0,0,0
3951,-,3955,73.05,0,0,0,0,0,0,0,0,0,0,0,73.05,59.75,15.3,10.3,5.3,0,0,0,0,0,0
3956,-,3960,73.45,0,0,0,0,0,0,0,0,0,0,0,73.45,60.15,15.45,10.45,5.45,0,0,0,0,0,0
3961,-,3965,73.85,0,0,0,0,0,0,0,0,0,0,0,73.85,60.55,15.6,10.6,5.6,0,0,0,0,0,0
3966,-,3970,74.25,0,0,0,0,0,0,0,0,0,0,0,74.25,60.95,15.75,10.75,5.75,0,0,0,0,0,0
3971,-,3975,74.65,0,0,0,0,0,0,0,0,0,0,0,74.65,61.35,15.9,10.9,5.9,0,0,0,0,0,0
3976,-,3980,75.05,0,0,0,0,0,0,0,0,0,0,0,75.05,61.75,16.05,11.05,6.05,1.05 0,,0,0,0,0
3981,-,3985,75.45,0,0,0,0,0,0,0,0,0,0,0,75.45,62.15,16.2,11.2,6.2,1.20 0,,0,0,0,0
4 of 732,,,,,,,,,,,,,,,,,,,,,,,,,
,,,,,,,,,,,,,,,,,,,,,,,,,
"Jumlah
Saraan Bersih
Bulanan",,,,,,,,,,,,,"POTONGAN CUKAI BULANAN
MONTHLY TAX DEDUCTIONS",,,,,,,,,,,,
Total,,,"Kategori
1",,,,,,"Kategori 2
Category 2",,,,,,,,,,"Kategori 3
Category 3",,,,,,
"Monthly Net
Remuneration",,,"Category
1",,,,,"Jika isteri/suami tidak bekerja
Where wife/husband is not working",,,,,,,,,,,"Jika isteri/suami bekerja
Where wife/husband is working",,,,,,
,,,B,K,KA1,KA2,KA3,KA4,KA5,KA6,KA7,KA8,KA9,KA10,K,KA1,KA2,KA3,KA4,KA5,KA6,KA7,KA8,KA9,KA10
RM,,,RM,RM,RM,RM,RM,RM,RM,RM,RM,RM,RM,RM,RM,RM,RM,RM,RM,RM,RM,RM,RM,RM,RM
3986,-,3990,75.85 0,,0,0,0,0,0,0,0,0,0,0,75.85,62.55,16.35,11.35,6.35,1.35,0,0,0,0,0
3991,-,3995,76.25 0,,0,0,0,0,0,0,0,0,0,0,76.25,62.95,16.5,11.5,6.5,1.5,0,0,0,0,0
3996,-,4000,76.65 0,,0,0,0,0,0,0,0,0,0,0,76.65,63.35,16.65,11.65,6.65,1.65,0,0,0,0,0
4001,-,4005,77.05,50.4,0,0,0,0,0,0,0,0,0,0,77.05,63.75,50.4,11.8,6.8,1.8,0,0,0,0,0
4006,-,4010,77.45,50.8,0,0,0,0,0,0,0,0,0,0,77.45,64.15,50.8,11.95,6.95,1.95,0,0,0,0,0
4011,-,4015,77.85,51.2,0,0,0,0,0,0,0,0,0,0,77.85,64.55,51.2,12.1,7.1,2.1,0,0,0,0,0
4016,-,4020,78.25,51.6,0,0,0,0,0,0,0,0,0,0,78.25,64.95,51.6,12.25,7.25,2.25,0,0,0,0,0
4021,-,4025,78.65,52,0,0,0,0,0,0,0,0,0,0,78.65,65.35,52,12.4,7.4,2.4,0,0,0,0,0
4026,-,4030,79.05,52.4,0,0,0,0,0,0,0,0,0,0,79.05,65.75,52.4,12.55,7.55,2.55,0,0,0,0,0
4031,-,4035,79.45,52.8,0,0,0,0,0,0,0,0,0,0,79.45,66.15,52.8,12.7,7.7,2.7,0,0,0,0,0
4036,-,4040,79.85,53.2,0,0,0,0,0,0,0,0,0,0,79.85,66.55,53.2,12.85,7.85,2.85,0,0,0,0,0
4041,-,4045,80.25,53.6,0,0,0,0,0,0,0,0,0,0,80.25,66.95,53.6,13,8,3,0,0,0,0,0
4046,-,4050,80.65,54,0,0,0,0,0,0,0,0,0,0,80.65,67.35,54,13.15,8.15,3.15,0,0,0,0,0
4051,-,4055,81.05,54.4,0,0,0,0,0,0,0,0,0,0,81.05,67.75,54.4,13.3,8.3,3.3,0,0,0,0,0
4056,-,4060,81.45,54.8,0,0,0,0,0,0,0,0,0,0,81.45,68.15,54.8,13.45,8.45,3.45,0,0,0,0,0
4061,-,4065,81.85,55.2,0,0,0,0,0,0,0,0,0,0,81.85,68.55,55.2,13.6,8.6,3.6,0,0,0,0,0
4066,-,4070,82.25,55.6,0,0,0,0,0,0,0,0,0,0,82.25,68.95,55.6,13.75,8.75,3.75,0,0,0,0,0
4071,-,4075,82.65,56,0,0,0,0,0,0,0,0,0,0,82.65,69.35,56,13.9,8.9,3.9,0,0,0,0,0
4076,-,4080,83.05,56.4,0,0,0,0,0,0,0,0,0,0,83.05,69.75,56.4,14.05,9.05,4.05,0,0,0,0,0
4081,-,4085,83.45,56.8,0,0,0,0,0,0,0,0,0,0,83.45,70.15,56.8,14.2,9.2,4.2,0,0,0,0,0
4086,-,4090,83.85,57.2,0,0,0,0,0,0,0,0,0,0,83.85,70.55,57.2,14.35,9.35,4.35,0,0,0,0,0
4091,-,4095,84.25,57.6,0,0,0,0,0,0,0,0,0,0,84.25,70.95,57.6,14.5,9.5,4.5,0,0,0,0,0
4096,-,4100,84.65,58,0,0,0,0,0,0,0,0,0,0,84.65,71.35,58,14.65,9.65,4.65,0,0,0,0,0
4101,-,4105,85.05,58.4,0,0,0,0,0,0,0,0,0,0,85.05,71.75,58.4,14.8,9.8,4.8,0,0,0,0,0
4106,-,4110,85.45,58.8,0,0,0,0,0,0,0,0,0,0,85.45,72.15,58.8,14.95,9.95,4.95,0,0,0,0,0
4111,-,4115,85.85,59.2,0,0,0,0,0,0,0,0,0,0,85.85,72.55,59.2,15.1,10.1,5.1,0,0,0,0,0
4116,-,4120,86.25,59.6,0,0,0,0,0,0,0,0,0,0,86.25,72.95,59.6,15.25,10.25,5.25,0,0,0,0,0
4121,-,4125,86.65,60,0,0,0,0,0,0,0,0,0,0,86.65,73.35,60,15.4,10.4,5.4,0,0,0,0,0
4126,-,4130,87.05,60.4,0,0,0,0,0,0,0,0,0,0,87.05,73.75,60.4,15.55,10.55,5.55,0,0,0,0,0
4131,-,4135,87.45,60.8,0,0,0,0,0,0,0,0,0,0,87.45,74.15,60.8,15.7,10.7,5.7,0,0,0,0,0
4136,-,4140,87.85,61.2,0,0,0,0,0,0,0,0,0,0,87.85,74.55,61.2,15.85,10.85,5.85,0,0,0,0,0
4141,-,4145,88.25,61.6,0,0,0,0,0,0,0,0,0,0,88.25,74.95,61.6,16,11,6,1,0,0,0,0
4146,-,4150,88.65,62,0,0,0,0,0,0,0,0,0,0,88.65,75.35,62,16.15,11.15,6.15,1.15,0,0,0,0
4151,-,4155,89.05,62.4,0,0,0,0,0,0,0,0,0,0,89.05,75.75,62.4,16.3,11.3,6.3,1.3,0,0,0,0
4156,-,4160,89.45,62.8,0,0,0,0,0,0,0,0,0,0,89.45,76.15,62.8,16.45,11.45,6.45,1.45,0,0,0,0
4161,-,4165,89.85,63.2,0,0,0,0,0,0,0,0,0,0,89.85,76.55,63.2,16.6,11.6,6.6,1.6,0,0,0,0
4166,-,4170,90.25,63.6,50.25,0,0,0,0,0,0,0,0,0,90.25,76.95,63.6,50.25,11.75,6.75,1.75,0,0,0,0
4171,-,4175,90.65,64,50.65,0,0,0,0,0,0,0,0,0,90.65,77.35,64,50.65,11.9,6.9,1.9,0,0,0,0
4176,-,4180,91.05,64.4,51.05,0,0,0,0,0,0,0,0,0,91.05,77.75,64.4,51.05,12.05,7.05,2.05,0,0,0,0
4181,-,4185,91.45,64.8,51.45,0,0,0,0,0,0,0,0,0,91.45,78.15,64.8,51.45,12.2,7.2,2.2,0,0,0,0
4186,-,4190,91.85,65.2,51.85,0,0,0,0,0,0,0,0,0,91.85,78.55,65.2,51.85,12.35,7.35,2.35,0,0,0,0
4191,-,4195,92.25,65.6,52.25,0,0,0,0,0,0,0,0,0,92.25,78.95,65.6,52.25,12.5,7.5,2.5,0,0,0,0
4196,-,4200,92.65,66,52.65,0,0,0,0,0,0,0,0,0,92.65,79.35,66,52.65,12.65,7.65,2.65,0,0,0,0
4201,-,4205,93.05,66.4,53.05,0,0,0,0,0,0,0,0,0,93.05,79.75,66.4,53.05,12.8,7.8,2.8,0,0,0,0
4206,-,4210,93.45,66.8,53.45,0,0,0,0,0,0,0,0,0,93.45,80.15,66.8,53.45,12.95,7.95,2.95,0,0,0,0
4211,-,4215,93.85,67.2,53.85,0,0,0,0,0,0,0,0,0,93.85,80.55,67.2,53.85,13.1,8.1,3.1,0,0,0,0
4216,-,4220,94.25,67.6,54.25,0,0,0,0,0,0,0,0,0,94.25,80.95,67.6,54.25,13.25,8.25,3.25,0,0,0,0
5 of 732,,,,,,,,,,,,,,,,,,,,,,,,,
,,,,,,,,,,,,,,,,,,,,,,,,,
"Jumlah
Saraan Bersih
Bulanan",,,,,,,,,,,,,"POTONGAN CUKAI BULANAN
MONTHLY TAX DEDUCTIONS",,,,,,,,,,,,
Total,,,"Kategori
1",,,,,,"Kategori 2
Category 2",,,,,,,,,,"Kategori 3
Category 3",,,,,,
"Monthly Net
Remuneration",,,"Category
1",,,,,"Jika isteri/suami tidak bekerja
Where wife/husband is not working",,,,,,,,,,,"Jika isteri/suami bekerja
Where wife/husband is working",,,,,,
,,,B,K,KA1,KA2,KA3,KA4,KA5,KA6,KA7,KA8,KA9,KA10,K,KA1,KA2,KA3,KA4,KA5,KA6,KA7,KA8,KA9,KA10
RM,,,RM,RM,RM,RM,RM,RM,RM,RM,RM,RM,RM,RM,RM,RM,RM,RM,RM,RM,RM,RM,RM,RM,RM
4221,-,4225,94.65,68,54.65,0,0,0,0,0,0,0,0,0,94.65,81.35,68,54.65,13.4,8.4,3.4,0,0,0,0
4226,-,4230,95.05,68.4,55.05,0,0,0,0,0,0,0,0,0,95.05,81.75,68.4,55.05,13.55,8.55,3.55,0,0,0,0
4231,-,4235,95.45,68.8,55.45,0,0,0,0,0,0,0,0,0,95.45,82.15,68.8,55.45,13.7,8.7,3.7,0,0,0,0
4236,-,4240,95.85,69.2,55.85,0,0,0,0,0,0,0,0,0,95.85,82.55,69.2,55.85,13.85,8.85,3.85,0,0,0,0
4241,-,4245,96.25,69.6,56.25,0,0,0,0,0,0,0,0,0,96.25,82.95,69.6,56.25,14,9,4,0,0,0,0
4246,-,4250,96.65,70,56.65,0,0,0,0,0,0,0,0,0,96.65,83.35,70,56.65,14.15,9.15,4.15,0,0,0,0
4251,-,4255,97.05,70.4,57.05,0,0,0,0,0,0,0,0,0,97.05,83.75,70.4,57.05,14.3,9.3,4.3,0,0,0,0
4256,-,4260,97.45,70.8,57.45,0,0,0,0,0,0,0,0,0,97.45,84.15,70.8,57.45,14.45,9.45,4.45,0,0,0,0
4261,-,4265,97.85,71.2,57.85,0,0,0,0,0,0,0,0,0,97.85,84.55,71.2,57.85,14.6,9.6,4.6,0,0,0,0
4266,-,4270,98.25,71.6,58.25,0,0,0,0,0,0,0,0,0,98.25,84.95,71.6,58.25,14.75,9.75,4.75,0,0,0,0
4271,-,4275,98.65,72,58.65,0,0,0,0,0,0,0,0,0,98.65,85.35,72,58.65,14.9,9.9,4.9,0,0,0,0
4276,-,4280,99.05,72.4,59.05,0,0,0,0,0,0,0,0,0,99.05,85.75,72.4,59.05,15.05,10.05,5.05,0,0,0,0
4281,-,4285,99.45,72.8,59.45,0,0,0,0,0,0,0,0,0,99.45,86.15,72.8,59.45,15.2,10.2,5.2,0,0,0,0
4286,-,4290,99.85,73.2,59.85,0,0,0,0,0,0,0,0,0,99.85,86.55,73.2,59.85,15.35,10.35,5.35,0,0,0,0
4291,-,4295,100.25,73.6,60.25,0,0,0,0,0,0,0,0,0,100.25,86.95,73.6,60.25,15.5,10.5,5.5,0,0,0,0
4296,-,4300,100.65,74,60.65,0,0,0,0,0,0,0,0,0,100.65,87.35,74,60.65,15.65,10.65,5.65,0,0,0,0
4301,-,4305,101.05,74.4,61.05,0,0,0,0,0,0,0,0,0,101.05,87.75,74.4,61.05,15.8,10.8,5.8,0,0,0,0
4306,-,4310,101.45,74.8,61.45,0,0,0,0,0,0,0,0,0,101.45,88.15,74.8,61.45,15.95,10.95,5.95,0,0,0,0
4311,-,4315,101.85,75.2,61.85,0,0,0,0,0,0,0,0,0,101.85,88.55,75.2,61.85,16.1,11.1,6.1,1.1,0,0,0
4316,-,4320,102.25,75.6,62.25,0,0,0,0,0,0,0,0,0,102.25,88.95,75.6,62.25,16.25,11.25,6.25,1.25,0,0,0
4321,-,4325,102.65,76,62.65,0,0,0,0,0,0,0,0,0,102.65,89.35,76,62.65,16.4,11.4,6.4,1.4,0,0,0
4326,-,4330,103.05,76.4,63.05,0,0,0,0,0,0,0,0,0,103.05,89.75,76.4,63.05,16.55,11.55,6.55,1.55,0,0,0
4331,-,4335,103.45,76.8,63.45,50.15,0,0,0,0,0,0,0,0,103.45,90.15,76.8,63.45,50.15,11.7,6.7,1.7,0,0,0
4336,-,4340,103.85,77.2,63.85,50.55,0,0,0,0,0,0,0,0,103.85,90.55,77.2,63.85,50.55,11.85,6.85,1.85,0,0,0
4341,-,4345,104.25,77.6,64.25,50.95,0,0,0,0,0,0,0,0,104.25,90.95,77.6,64.25,50.95,12,7,2,0,0,0
4346,-,4350,104.65,78,64.65,51.35,0,0,0,0,0,0,0,0,104.65,91.35,78,64.65,51.35,12.15,7.15,2.15,0,0,0
4351,-,4355,105.05,78.4,65.05,51.75,0,0,0,0,0,0,0,0,105.05,91.75,78.4,65.05,51.75,12.3,7.3,2.3,0,0,0
4356,-,4360,105.45,78.8,65.45,52.15,0,0,0,0,0,0,0,0,105.45,92.15,78.8,65.45,52.15,12.45,7.45,2.45,0,0,0
4361,-,4365,105.85,79.2,65.85,52.55,0,0,0,0,0,0,0,0,105.85,92.55,79.2,65.85,52.55,12.6,7.6,2.6,0,0,0
4366,-,4370,106.25,79.6,66.25,52.95,0,0,0,0,0,0,0,0,106.25,92.95,79.6,66.25,52.95,12.75,7.75,2.75,0,0,0
4371,-,4375,106.65,80,66.65,53.35,0,0,0,0,0,0,0,0,106.65,93.35,80,66.65,53.35,12.9,7.9,2.9,0,0,0
4376,-,4380,107.05,80.4,67.05,53.75,0,0,0,0,0,0,0,0,107.05,93.75,80.4,67.05,53.75,13.05,8.05,3.05,0,0,0
4381,-,4385,107.45,80.8,67.45,54.15,0,0,0,0,0,0,0,0,107.45,94.15,80.8,67.45,54.15,13.2,8.2,3.2,0,0,0
4386,-,4390,107.85,81.2,67.85,54.55,0,0,0,0,0,0,0,0,107.85,94.55,81.2,67.85,54.55,13.35,8.35,3.35,0,0,0
4391,-,4395,108.25,81.6,68.25,54.95,0,0,0,0,0,0,0,0,108.25,94.95,81.6,68.25,54.95,13.5,8.5,3.5,0,0,0
4396,-,4400,108.65,82,68.65,55.35,0,0,0,0,0,0,0,0,108.65,95.35,82,68.65,55.35,13.65,8.65,3.65,0,0,0
4401,-,4405,109.05,82.4,69.05,55.75,0,0,0,0,0,0,0,0,109.05,95.75,82.4,69.05,55.75,13.8,8.8,3.8,0,0,0
4406,-,4410,109.45,82.8,69.45,56.15,0,0,0,0,0,0,0,0,109.45,96.15,82.8,69.45,56.15,13.95,8.95,3.95,0,0,0
4411,-,4415,109.85,83.2,69.85,56.55,0,0,0,0,0,0,0,0,109.85,96.55,83.2,69.85,56.55,14.1,9.1,4.1,0,0,0
4416,-,4420,110.25,83.6,70.25,56.95,0,0,0,0,0,0,0,0,110.25,96.95,83.6,70.25,56.95,14.25,9.25,4.25,0,0,0
4421,-,4425,110.65,84,70.65,57.35,0,0,0,0,0,0,0,0,110.65,97.35,84,70.65,57.35,14.4,9.4,4.4,0,0,0
4426,-,4430,111.05,84.4,71.05,57.75,0,0,0,0,0,0,0,0,111.05,97.75,84.4,71.05,57.75,14.55,9.55,4.55,0,0,0
4431,-,4435,111.45,84.8,71.45,58.15,0,0,0,0,0,0,0,0,111.45,98.15,84.8,71.45,58.15,14.7,9.7,4.7,0,0,0
4436,-,4440,111.85,85.2,71.85,58.55,0,0,0,0,0,0,0,0,111.85,98.55,85.2,71.85,58.55,14.85,9.85,4.85,0,0,0
4441,-,4445,112.25,85.6,72.25,58.95,0,0,0,0,0,0,0,0,112.25,98.95,85.6,72.25,58.95,15,10,5,0,0,0
4446,-,4450,112.65,86,72.65,59.35,0,0,0,0,0,0,0,0,112.65,99.35,86,72.65,59.35,15.15,10.15,5.15,0,0,0
4451,-,4455,113.05,86.4,73.05,59.75,0,0,0,0,0,0,0,0,113.05,99.75,86.4,73.05,59.75,15.3,10.3,5.3,0,0,0
6 of 732,,,,,,,,,,,,,,,,,,,,,,,,,
,,,,,,,,,,,,,,,,,,,,,,,,,
"Jumlah
Saraan Bersih
Bulanan",,,,,,,,,,,,,"POTONGAN CUKAI BULANAN
MONTHLY TAX DEDUCTIONS",,,,,,,,,,,,
Total,,,"Kategori
1",,,,,"Kategori 2
Category 2",,,,,,,,,,,"Kategori 3
Category 3",,,,,,
"Monthly Net
Remuneration",,,"Category
1",,,,,"Jika isteri/suami tidak bekerja
Where wife/husband is not working",,,,,,,,,,,"Jika isteri/suami bekerja
Where wife/husband is working",,,,,,
,,,B,K,KA1,KA2,KA3,KA4,KA5,KA6,KA7,KA8,KA9,KA10,K,KA1,KA2,KA3,KA4,KA5,KA6,KA7,KA8,KA9,KA10
RM,,,RM,RM,RM,RM,RM,RM,RM,RM,RM,RM,RM,RM,RM,RM,RM,RM,RM,RM,RM,RM,RM,RM,RM
4456,-,4460,113.45,86.8,73.45,60.15,0,0,0,0,0,0,0,0,113.45,100.15,86.8,73.45,60.15,15.45,10.45,5.45,0,0,0
4461,-,4465,113.85,87.2,73.85,60.55,0,0,0,0,0,0,0,0,113.85,100.55,87.2,73.85,60.55,15.6,10.6,5.6,0,0,0
4466,-,4470,114.25,87.6,74.25,60.95,0,0,0,0,0,0,0,0,114.25,100.95,87.6,74.25,60.95,15.75,10.75,5.75,0,0,0
4471,-,4475,114.65,88,74.65,61.35,0,0,0,0,0,0,0,0,114.65,101.35,88,74.65,61.35,15.9,10.9,5.9,0,0,0
4476,-,4480,115.05,88.4,75.05,61.75,0,0,0,0,0,0,0,0,115.05,101.75,88.4,75.05,61.75,16.05,11.05,6.05,1.05,0,0
4481,-,4485,115.45,88.8,75.45,62.15,0,0,0,0,0,0,0,0,115.45,102.15,88.8,75.45,62.15,16.2,11.2,6.2,1.2,0,0
4486,-,4490,115.85,89.2,75.85,62.55,0,0,0,0,0,0,0,0,115.85,102.55,89.2,75.85,62.55,16.35,11.35,6.35,1.35,0,0
4491,-,4495,116.25,89.6,76.25,62.95,0,0,0,0,0,0,0,0,116.25,102.95,89.6,76.25,62.95,16.5,11.5,6.5,1.5,0,0
4496,-,4500,116.65,90,76.65,63.35,0,0,0,0,0,0,0,0,116.65,103.35,90,76.65,63.35,16.65,11.65,6.65,1.65,0,0
4501,-,4505,117.05,90.4,77.05,63.75,50.4,0,0,0,0,0,0,0,117.05,103.75,90.4,77.05,63.75,50.4,11.8,6.8,1.8,0,0
4506,-,4510,117.45,90.8,77.45,64.15,50.8,0,0,0,0,0,0,0,117.45,104.15,90.8,77.45,64.15,50.8,11.95,6.95,1.95,0,0
4511,-,4515,117.85,91.2,77.85,64.55,51.2,0,0,0,0,0,0,0,117.85,104.55,91.2,77.85,64.55,51.2,12.1,7.1,2.1,0,0
4516,-,4520,118.25,91.6,78.25,64.95,51.6,0,0,0,0,0,0,0,118.25,104.95,91.6,78.25,64.95,51.6,12.25,7.25,2.25,0,0
4521,-,4525,118.65,92,78.65,65.35,52,0,0,0,0,0,0,0,118.65,105.35,92,78.65,65.35,52,12.4,7.4,2.4,0,0
4526,-,4530,119.05,92.4,79.05,65.75,52.4,0,0,0,0,0,0,0,119.05,105.75,92.4,79.05,65.75,52.4,12.55,7.55,2.55,0,0
4531,-,4535,119.45,92.8,79.45,66.15,52.8,0,0,0,0,0,0,0,119.45,106.15,92.8,79.45,66.15,52.8,12.7,7.7,2.7,0,0
4536,-,4540,119.85,93.2,79.85,66.55,53.2,0,0,0,0,0,0,0,119.85,106.55,93.2,79.85,66.55,53.2,12.85,7.85,2.85,0,0
4541,-,4545,120.25,93.6,80.25,66.95,53.6,0,0,0,0,0,0,0,120.25,106.95,93.6,80.25,66.95,53.6,13,8,3,0,0
4546,-,4550,120.65,94,80.65,67.35,54,0,0,0,0,0,0,0,120.65,107.35,94,80.65,67.35,54,13.15,8.15,3.15,0,0
4551,-,4555,121.05,94.4,81.05,67.75,54.4,0,0,0,0,0,0,0,121.05,107.75,94.4,81.05,67.75,54.4,13.3,8.3,3.3,0,0
4556,-,4560,121.45,94.8,81.45,68.15,54.8,0,0,0,0,0,0,0,121.45,108.15,94.8,81.45,68.15,54.8,13.45,8.45,3.45,0,0
4561,-,4565,121.85,95.2,81.85,68.55,55.2,0,0,0,0,0,0,0,121.85,108.55,95.2,81.85,68.55,55.2,13.6,8.6,3.6,0,0
4566,-,4570,122.25,95.6,82.25,68.95,55.6,0,0,0,0,0,0,0,122.25,108.95,95.6,82.25,68.95,55.6,13.75,8.75,3.75,0,0
4571,-,4575,122.65,96,82.65,69.35,56,0,0,0,0,0,0,0,122.65,109.35,96,82.65,69.35,56,13.9,8.9,3.9,0,0
4576,-,4580,123.05,96.4,83.05,69.75,56.4,0,0,0,0,0,0,0,123.05,109.75,96.4,83.05,69.75,56.4,14.05,9.05,4.05,0,0
4581,-,4585,123.45,96.8,83.45,70.15,56.8,0,0,0,0,0,0,0,123.45,110.15,96.8,83.45,70.15,56.8,14.2,9.2,4.2,0,0
4586,-,4590,123.85,97.2,83.85,70.55,57.2,0,0,0,0,0,0,0,123.85,110.55,97.2,83.85,70.55,57.2,14.35,9.35,4.35,0,0
4591,-,4595,124.25,97.6,84.25,70.95,57.6,0,0,0,0,0,0,0,124.25,110.95,97.6,84.25,70.95,57.6,14.5,9.5,4.5,0,0
4596,-,4600,124.65,98,84.65,71.35,58,0,0,0,0,0,0,0,124.65,111.35,98,84.65,71.35,58,14.65,9.65,4.65,0,0
4601,-,4605,125.05,98.4,85.05,71.75,58.4,0,0,0,0,0,0,0,125.05,111.75,98.4,85.05,71.75,58.4,14.8,9.8,4.8,0,0
4606,-,4610,125.45,98.8,85.45,72.15,58.8,0,0,0,0,0,0,0,125.45,112.15,98.8,85.45,72.15,58.8,14.95,9.95,4.95,0,0
4611,-,4615,125.85,99.2,85.85,72.55,59.2,0,0,0,0,0,0,0,125.85,112.55,99.2,85.85,72.55,59.2,15.1,10.1,5.1,0,0
4616,-,4620,126.25,99.6,86.25,72.95,59.6,0,0,0,0,0,0,0,126.25,112.95,99.6,86.25,72.95,59.6,15.25,10.25,5.25,0,0
4621,-,4625,126.65,100,86.65,73.35,60,0,0,0,0,0,0,0,126.65,113.35,100,86.65,73.35,60,15.4,10.4,5.4,0,0
4626,-,4630,127.05,100.4,87.05,73.75,60.4,0,0,0,0,0,0,0,127.05,113.75,100.4,87.05,73.75,60.4,15.55,10.55,5.55,0,0
4631,-,4635,127.45,100.8,87.45,74.15,60.8,0,0,0,0,0,0,0,127.45,114.15,100.8,87.45,74.15,60.8,15.7,10.7,5.7,0,0
4636,-,4640,127.85,101.2,87.85,74.55,61.2,0,0,0,0,0,0,0,127.85,114.55,101.2,87.85,74.55,61.2,15.85,10.85,5.85,0,0
4641,-,4645,128.25,101.6,88.25,74.95,61.6,0,0,0,0,0,0,0,128.25,114.95,101.6,88.25,74.95,61.6,16,11,6,1,0
4646,-,4650,128.65,102,88.65,75.35,62,0,0,0,0,0,0,0,128.65,115.35,102,88.65,75.35,62,16.15,11.15,6.15,1.15,0
4651,-,4655,129.05,102.4,89.05,75.75,62.4,0,0,0,0,0,0,0,129.05,115.75,102.4,89.05,75.75,62.4,16.3,11.3,6.3,1.3,0
4656,-,4660,129.45,102.8,89.45,76.15,62.8,0,0,0,0,0,0,0,129.45,116.15,102.8,89.45,76.15,62.8,16.45,11.45,6.45,1.45,0
4661,-,4665,129.85,103.2,89.85,76.55,63.2,0,0,0,0,0,0,0,129.85,116.55,103.2,89.85,76.55,63.2,16.6,11.6,6.6,1.6,0
4666,-,4670,130.25,103.6,90.25,76.95,63.6,50.25,0,0,0,0,0,0,130.25,116.95,103.6,90.25,76.95,63.6,50.25,11.75,6.75,1.75,0
4671,-,4675,130.65,104,90.65,77.35,64,50.65,0,0,0,0,0,0,130.65,117.35,104,90.65,77.35,64,50.65,11.9,6.9,1.9,0
4676,-,4680,131.05,104.4,91.05,77.75,64.4,51.05,0,0,0,0,0,0,131.05,117.75,104.4,91.05,77.75,64.4,51.05,12.05,7.05,2.05,0
4681,-,4685,131.45,104.8,91.45,78.15,64.8,51.45,0,0,0,0,0,0,131.45,118.15,104.8,91.45,78.15,64.8,51.45,12.2,7.2,2.2,0
4686,-,4690,131.85,105.2,91.85,78.55,65.2,51.85,0,0,0,0,0,0,131.85,118.55,105.2,91.85,78.55,65.2,51.85,12.35,7.35,2.35,0
7 of 732,,,,,,,,,,,,,,,,,,,,,,,,,
,,,,,,,,,,,,,,,,,,,,,,,,,
"Jumlah
Saraan Bersih
Bulanan",,,,,,,,,,,,,"POTONGAN CUKAI BULANAN
MONTHLY TAX DEDUCTIONS",,,,,,,,,,,,
Total,,,"Kategori
1",,,,,"Kategori 2
Category 2",,,,,,,,,,,"Kategori 3
Category 3",,,,,,
"Monthly Net
Remuneration",,,"Category
1",,,,,"Jika isteri/suami tidak bekerja
Where wife/husband is not working",,,,,,,,,,,"Jika isteri/suami bekerja
Where wife/husband is working",,,,,,
,,,B,K,KA1,KA2,KA3,KA4,KA5,KA6,KA7,KA8,KA9,KA10,K,KA1,KA2,KA3,KA4,KA5,KA6,KA7,KA8,KA9,KA10
RM,,,RM,RM,RM,RM,RM,RM,RM,RM,RM,RM,RM,RM,RM,RM,RM,RM,RM,RM,RM,RM,RM,RM,RM
4691,-,4695,132.25,105.6,92.25,78.95,65.6,52.25,0,0,0,0,0,0,132.25,118.95,105.6,92.25,78.95,65.6,52.25,12.5,7.5,2.5,0
4696,-,4700,132.65,106,92.65,79.35,66,52.65,0,0,0,0,0,0,132.65,119.35,106,92.65,79.35,66,52.65,12.65,7.65,2.65,0
4701,-,4705,133.05,106.4,93.05,79.75,66.4,53.05,0,0,0,0,0,0,133.05,119.75,106.4,93.05,79.75,66.4,53.05,12.8,7.8,2.8,0
4706,-,4710,133.45,106.8,93.45,80.15,66.8,53.45,0,0,0,0,0,0,133.45,120.15,106.8,93.45,80.15,66.8,53.45,12.95,7.95,2.95,0
4711,-,4715,133.85,107.2,93.85,80.55,67.2,53.85,0,0,0,0,0,0,133.85,120.55,107.2,93.85,80.55,67.2,53.85,13.1,8.1,3.1,0
4716,-,4720,134.25,107.6,94.25,80.95,67.6,54.25,0,0,0,0,0,0,134.25,120.95,107.6,94.25,80.95,67.6,54.25,13.25,8.25,3.25,0
4721,-,4725,134.65,108,94.65,81.35,68,54.65,0,0,0,0,0,0,134.65,121.35,108,94.65,81.35,68,54.65,13.4,8.4,3.4,0
4726,-,4730,135.05,108.4,95.05,81.75,68.4,55.05,0,0,0,0,0,0,135.05,121.75,108.4,95.05,81.75,68.4,55.05,13.55,8.55,3.55,0
4731,-,4735,135.45,108.8,95.45,82.15,68.8,55.45,0,0,0,0,0,0,135.45,122.15,108.8,95.45,82.15,68.8,55.45,13.7,8.7,3.7,0
4736,-,4740,135.85,109.2,95.85,82.55,69.2,55.85,0,0,0,0,0,0,135.85,122.55,109.2,95.85,82.55,69.2,55.85,13.85,8.85,3.85,0
4741,-,4745,136.25,109.6,96.25,82.95,69.6,56.25,0,0,0,0,0,0,136.25,122.95,109.6,96.25,82.95,69.6,56.25,14,9,4,0
4746,-,4750,136.65,110,96.65,83.35,70,56.65,0,0,0,0,0,0,136.65,123.35,110,96.65,83.35,70,56.65,14.15,9.15,4.15,0
4751,-,4755,137.05,110.4,97.05,83.75,70.4,57.05,0,0,0,0,0,0,137.05,123.75,110.4,97.05,83.75,70.4,57.05,14.3,9.3,4.3,0
4756,-,4760,137.45,110.8,97.45,84.15,70.8,57.45,0,0,0,0,0,0,137.45,124.15,110.8,97.45,84.15,70.8,57.45,14.45,9.45,4.45,0
4761,-,4765,137.85,111.2,97.85,84.55,71.2,57.85,0,0,0,0,0,0,137.85,124.55,111.2,97.85,84.55,71.2,57.85,14.6,9.6,4.6,0
4766,-,4770,138.25,111.6,98.25,84.95,71.6,58.25,0,0,0,0,0,0,138.25,124.95,111.6,98.25,84.95,71.6,58.25,14.75,9.75,4.75,0
4771,-,4775,138.65,112,98.65,85.35,72,58.65,0,0,0,0,0,0,138.65,125.35,112,98.65,85.35,72,58.65,14.9,9.9,4.9,0
4776,-,4780,139.05,112.4,99.05,85.75,72.4,59.05,0,0,0,0,0,0,139.05,125.75,112.4,99.05,85.75,72.4,59.05,15.05,10.05,5.05,0
4781,-,4785,139.45,112.8,99.45,86.15,72.8,59.45,0,0,0,0,0,0,139.45,126.15,112.8,99.45,86.15,72.8,59.45,15.2,10.2,5.2,0
4786,-,4790,139.85,113.2,99.85,86.55,73.2,59.85,0,0,0,0,0,0,139.85,126.55,113.2,99.85,86.55,73.2,59.85,15.35,10.35,5.35,0
4791,-,4795,140.25,113.6,100.25,86.95,73.6,60.25,0,0,0,0,0,0,140.25,126.95,113.6,100.25,86.95,73.6,60.25,15.5,10.5,5.5,0
4796,-,4800,140.65,114,100.65,87.35,74,60.65,0,0,0,0,0,0,140.65,127.35,114,100.65,87.35,74,60.65,15.65,10.65,5.65,0
4801,-,4805,141.05,114.4,101.05,87.75,74.4,61.05,0,0,0,0,0,0,141.05,127.75,114.4,101.05,87.75,74.4,61.05,15.8,10.8,5.8,0
4806,-,4810,141.45,114.8,101.45,88.15,74.8,61.45,0,0,0,0,0,0,141.45,128.15,114.8,101.45,88.15,74.8,61.45,15.95,10.95,5.95,0
4811,-,4815,141.85,115.2,101.85,88.55,75.2,61.85,0,0,0,0,0,0,141.85,128.55,115.2,101.85,88.55,75.2,61.85,16.1,11.1,6.1,1.1
4816,-,4820,142.25,115.6,102.25,88.95,75.6,62.25,0,0,0,0,0,0,142.25,128.95,115.6,102.25,88.95,75.6,62.25,16.25,11.25,6.25,1.25
4821,-,4825,142.65,116,102.65,89.35,76,62.65,0,0,0,0,0,0,142.65,129.35,116,102.65,89.35,76,62.65,16.4,11.4,6.4,1.4
4826,-,4830,143.05,116.4,103.05,89.75,76.4,63.05,0,0,0,0,0,0,143.05,129.75,116.4,103.05,89.75,76.4,63.05,16.55,11.55,6.55,1.55
4831,-,4835,143.45,116.8,103.45,90.15,76.8,63.45,50.15,0,0,0,0,0,143.45,130.15,116.8,103.45,90.15,76.8,63.45,50.15,11.7,6.7,1.7
4836,-,4840,143.85,117.2,103.85,90.55,77.2,63.85,50.55,0,0,0,0,0,143.85,130.55,117.2,103.85,90.55,77.2,63.85,50.55,11.85,6.85,1.85
4841,-,4845,144.25,117.6,104.25,90.95,77.6,64.25,50.95,0,0,0,0,0,144.25,130.95,117.6,104.25,90.95,77.6,64.25,50.95,12,7,2
4846,-,4850,144.65,118,104.65,91.35,78,64.65,51.35,0,0,0,0,0,144.65,131.35,118,104.65,91.35,78,64.65,51.35,12.15,7.15,2.15
4851,-,4855,145.05,118.4,105.05,91.75,78.4,65.05,51.75,0,0,0,0,0,145.05,131.75,118.4,105.05,91.75,78.4,65.05,51.75,12.3,7.3,2.3
4856,-,4860,145.45,118.8,105.45,92.15,78.8,65.45,52.15,0,0,0,0,0,145.45,132.15,118.8,105.45,92.15,78.8,65.45,52.15,12.45,7.45,2.45
4861,-,4865,145.85,119.2,105.85,92.55,79.2,65.85,52.55,0,0,0,0,0,145.85,132.55,119.2,105.85,92.55,79.2,65.85,52.55,12.6,7.6,2.6
4866,-,4870,146.25,119.6,106.25,92.95,79.6,66.25,52.95,0,0,0,0,0,146.25,132.95,119.6,106.25,92.95,79.6,66.25,52.95,12.75,7.75,2.75
4871,-,4875,146.65,120,106.65,93.35,80,66.65,53.35,0,0,0,0,0,146.65,133.35,120,106.65,93.35,80,66.65,53.35,12.9,7.9,2.9
4876,-,4880,147.05,120.4,107.05,93.75,80.4,67.05,53.75,0,0,0,0,0,147.05,133.75,120.4,107.05,93.75,80.4,67.05,53.75,13.05,8.05,3.05
4881,-,4885,147.45,120.8,107.45,94.15,80.8,67.45,54.15,0,0,0,0,0,147.45,134.15,120.8,107.45,94.15,80.8,67.45,54.15,13.2,8.2,3.2
4886,-,4890,147.85,121.2,107.85,94.55,81.2,67.85,54.55,0,0,0,0,0,147.85,134.55,121.2,107.85,94.55,81.2,67.85,54.55,13.35,8.35,3.35
4891,-,4895,148.25,121.6,108.25,94.95,81.6,68.25,54.95,0,0,0,0,0,148.25,134.95,121.6,108.25,94.95,81.6,68.25,54.95,13.5,8.5,3.5
4896,-,4900,148.65,122,108.65,95.35,82,68.65,55.35,0,0,0,0,0,148.65,135.35,122,108.65,95.35,82,68.65,55.35,13.65,8.65,3.65
4901,-,4905,149.05,122.4,109.05,95.75,82.4,69.05,55.75,0,0,0,0,0,149.05,135.75,122.4,109.05,95.75,82.4,69.05,55.75,13.8,8.8,3.8
4906,-,4910,149.45,122.8,109.45,96.15,82.8,69.45,56.15,0,0,0,0,0,149.45,136.15,122.8,109.45,96.15,82.8,69.45,56.15,13.95,8.95,3.95
4911,-,4915,149.85,123.2,109.85,96.55,83.2,69.85,56.55,0,0,0,0,0,149.85,136.55,123.2,109.85,96.55,83.2,69.85,56.55,14.1,9.1,4.1
4916,-,4920,150.45,123.6,110.25,96.95,83.6,70.25,56.95,0,0,0,0,0,150.45,136.95,123.6,110.25,96.95,83.6,70.25,56.95,14.25,9.25,4.25
4921,-,4925,151.15,124,110.65,97.35,84,70.65,57.35,0,0,0,0,0,151.15,137.35,124,110.65,97.35,84,70.65,57.35,14.4,9.4,4.4
8 of 732,,,,,,,,,,,,,,,,,,,,,,,,,
,,,,,,,,,,,,,,,,,,,,,,,,,
"Jumlah
Saraan Bersih
Bulanan",,,,,,,,,,,,,"POTONGAN CUKAI BULANAN
MONTHLY TAX DEDUCTIONS",,,,,,,,,,,,
Total,,,"Kategori
1",,,,,"Kategori 2
Category 2",,,,,,,,,,,"Kategori 3
Category 3",,,,,,
"Monthly Net
Remuneration",,,"Category
1",,,,,"Jika isteri/suami tidak bekerja
Where wife/husband is not working",,,,,,,,,,,"Jika isteri/suami bekerja
Where wife/husband is working",,,,,,
,,,B,K,KA1,KA2,KA3,KA4,KA5,KA6,KA7,KA8,KA9,KA10,K,KA1,KA2,KA3,KA4,KA5,KA6,KA7,KA8,KA9,KA10
RM,,,RM,RM,RM,RM,RM,RM,RM,RM,RM,RM,RM,RM,RM,RM,RM,RM,RM,RM,RM,RM,RM,RM,RM
4926,-,4930,151.85,124.4,111.05,97.75,84.4,71.05,57.75,0,0,0,0,0,151.85,137.75,124.4,111.05,97.75,84.4,71.05,57.75,14.55,9.55,4.55
4931,-,4935,152.55,124.8,111.45,98.15,84.8,71.45,58.15,0,0,0,0,0,152.55,138.15,124.8,111.45,98.15,84.8,71.45,58.15,14.7,9.7,4.7
4936,-,4940,153.25,125.2,111.85,98.55,85.2,71.85,58.55,0,0,0,0,0,153.25,138.55,125.2,111.85,98.55,85.2,71.85,58.55,14.85,9.85,4.85
4941,-,4945,153.95,125.6,112.25,98.95,85.6,72.25,58.95,0,0,0,0,0,153.95,138.95,125.6,112.25,98.95,85.6,72.25,58.95,15,10,5
4946,-,4950,154.65,126,112.65,99.35,86,72.65,59.35,0,0,0,0,0,154.65,139.35,126,112.65,99.35,86,72.65,59.35,15.15,10.15,5.15
4951,-,4955,155.35,126.4,113.05,99.75,86.4,73.05,59.75,0,0,0,0,0,155.35,139.75,126.4,113.05,99.75,86.4,73.05,59.75,15.3,10.3,5.3
4956,-,4960,156.05,126.8,113.45,100.15,86.8,73.45,60.15,0,0,0,0,0,156.05,140.15,126.8,113.45,100.15,86.8,73.45,60.15,15.45,10.45,5.45
4961,-,4965,156.75,127.2,113.85,100.55,87.2,73.85,60.55,0,0,0,0,0,156.75,140.55,127.2,113.85,100.55,87.2,73.85,60.55,15.6,10.6,5.6
4966,-,4970,157.45,127.6,114.25,100.95,87.6,74.25,60.95,0,0,0,0,0,157.45,140.95,127.6,114.25,100.95,87.6,74.25,60.95,15.75,10.75,5.75
4971,-,4975,158.15,128,114.65,101.35,88,74.65,61.35,0,0,0,0,0,158.15,141.35,128,114.65,101.35,88,74.65,61.35,15.9,10.9,5.9
4976,-,4980,158.85,128.4,115.05,101.75,88.4,75.05,61.75,0,0,0,0,0,158.85,141.75,128.4,115.05,101.75,88.4,75.05,61.75,16.05,11.05,6.05
4981,-,4985,159.55,128.8,115.45,102.15,88.8,75.45,62.15,0,0,0,0,0,159.55,142.15,128.8,115.45,102.15,88.8,75.45,62.15,16.2,11.2,6.2
4986,-,4990,160.25,129.2,115.85,102.55,89.2,75.85,62.55,0,0,0,0,0,160.25,142.55,129.2,115.85,102.55,89.2,75.85,62.55,16.35,11.35,6.35
4991,-,4995,160.95,129.6,116.25,102.95,89.6,76.25,62.95,0,0,0,0,0,160.95,142.95,129.6,116.25,102.95,89.6,76.25,62.95,16.5,11.5,6.5
4996,-,5000,161.65,130,116.65,103.35,90,76.65,63.35,0,0,0,0,0,161.65,143.35,130,116.65,103.35,90,76.65,63.35,16.65,11.65,6.65
5001,-,5005,162.35,130.4,117.05,103.75,90.4,77.05,63.75,50.4,0,0,0,0,162.35,143.75,130.4,117.05,103.75,90.4,77.05,63.75,50.4,11.8,6.8
5006,-,5010,163.05,130.8,117.45,104.15,90.8,77.45,64.15,50.8,0,0,0,0,163.05,144.15,130.8,117.45,104.15,90.8,77.45,64.15,50.8,11.95,6.95
5011,-,5015,163.75,131.2,117.85,104.55,91.2,77.85,64.55,51.2,0,0,0,0,163.75,144.55,131.2,117.85,104.55,91.2,77.85,64.55,51.2,12.1,7.1
5016,-,5020,164.45,131.6,118.25,104.95,91.6,78.25,64.95,51.6,0,0,0,0,164.45,144.95,131.6,118.25,104.95,91.6,78.25,64.95,51.6,12.25,7.25
5021,-,5025,165.15,132,118.65,105.35,92,78.65,65.35,52,0,0,0,0,165.15,145.35,132,118.65,105.35,92,78.65,65.35,52,12.4,7.4
5026,-,5030,165.85,132.4,119.05,105.75,92.4,79.05,65.75,52.4,0,0,0,0,165.85,145.75,132.4,119.05,105.75,92.4,79.05,65.75,52.4,12.55,7.55
5031,-,5035,166.55,132.8,119.45,106.15,92.8,79.45,66.15,52.8,0,0,0,0,166.55,146.15,132.8,119.45,106.15,92.8,79.45,66.15,52.8,12.7,7.7
5036,-,5040,167.25,133.2,119.85,106.55,93.2,79.85,66.55,53.2,0,0,0,0,167.25,146.55,133.2,119.85,106.55,93.2,79.85,66.55,53.2,12.85,7.85
5041,-,5045,167.95,133.6,120.25,106.95,93.6,80.25,66.95,53.6,0,0,0,0,167.95,146.95,133.6,120.25,106.95,93.6,80.25,66.95,53.6,13,8
5046,-,5050,168.65,134,120.65,107.35,94,80.65,67.35,54,0,0,0,0,168.65,147.35,134,120.65,107.35,94,80.65,67.35,54,13.15,8.15
5051,-,5055,169.35,134.4,121.05,107.75,94.4,81.05,67.75,54.4,0,0,0,0,169.35,147.75,134.4,121.05,107.75,94.4,81.05,67.75,54.4,13.3,8.3
5056,-,5060,170.05,134.8,121.45,108.15,94.8,81.45,68.15,54.8,0,0,0,0,170.05,148.15,134.8,121.45,108.15,94.8,81.45,68.15,54.8,13.45,8.45
5061,-,5065,170.75,135.2,121.85,108.55,95.2,81.85,68.55,55.2,0,0,0,0,170.75,148.55,135.2,121.85,108.55,95.2,81.85,68.55,55.2,13.6,8.6
5066,-,5070,171.45,135.6,122.25,108.95,95.6,82.25,68.95,55.6,0,0,0,0,171.45,148.95,135.6,122.25,108.95,95.6,82.25,68.95,55.6,13.75,8.75
5071,-,5075,172.15,136,122.65,109.35,96,82.65,69.35,56,0,0,0,0,172.15,149.35,136,122.65,109.35,96,82.65,69.35,56,13.9,8.9
5076,-,5080,172.85,136.4,123.05,109.75,96.4,83.05,69.75,56.4,0,0,0,0,172.85,149.75,136.4,123.05,109.75,96.4,83.05,69.75,56.4,14.05,9.05
5081,-,5085,173.55,136.8,123.45,110.15,96.8,83.45,70.15,56.8,0,0,0,0,173.55,150.25,136.8,123.45,110.15,96.8,83.45,70.15,56.8,14.2,9.2
5086,-,5090,174.25,137.2,123.85,110.55,97.2,83.85,70.55,57.2,0,0,0,0,174.25,150.95,137.2,123.85,110.55,97.2,83.85,70.55,57.2,14.35,9.35
5091,-,5095,174.95,137.6,124.25,110.95,97.6,84.25,70.95,57.6,0,0,0,0,174.95,151.65,137.6,124.25,110.95,97.6,84.25,70.95,57.6,14.5,9.5
5096,-,5100,175.65,138,124.65,111.35,98,84.65,71.35,58,0,0,0,0,175.65,152.35,138,124.65,111.35,98,84.65,71.35,58,14.65,9.65
5101,-,5105,176.35,138.4,125.05,111.75,98.4,85.05,71.75,58.4,0,0,0,0,176.35,153.05,138.4,125.05,111.75,98.4,85.05,71.75,58.4,14.8,9.8
5106,-,5110,177.05,138.8,125.45,112.15,98.8,85.45,72.15,58.8,0,0,0,0,177.05,153.75,138.8,125.45,112.15,98.8,85.45,72.15,58.8,14.95,9.95
5111,-,5115,177.75,139.2,125.85,112.55,99.2,85.85,72.55,59.2,0,0,0,0,177.75,154.45,139.2,125.85,112.55,99.2,85.85,72.55,59.2,15.1,10.1
5116,-,5120,178.45,139.6,126.25,112.95,99.6,86.25,72.95,59.6,0,0,0,0,178.45,155.15,139.6,126.25,112.95,99.6,86.25,72.95,59.6,15.25,10.25
5121,-,5125,179.15,140,126.65,113.35,100,86.65,73.35,60,0,0,0,0,179.15,155.85,140,126.65,113.35,100,86.65,73.35,60,15.4,10.4
5126,-,5130,179.85,140.4,127.05,113.75,100.4,87.05,73.75,60.4,0,0,0,0,179.85,156.55,140.4,127.05,113.75,100.4,87.05,73.75,60.4,15.55,10.55
5131,-,5135,180.55,140.8,127.45,114.15,100.8,87.45,74.15,60.8,0,0,0,0,180.55,157.25,140.8,127.45,114.15,100.8,87.45,74.15,60.8,15.7,10.7
5136,-,5140,181.25,141.2,127.85,114.55,101.2,87.85,74.55,61.2,0,0,0,0,181.25,157.95,141.2,127.85,114.55,101.2,87.85,74.55,61.2,15.85,10.85
5141,-,5145,181.95,141.6,128.25,114.95,101.6,88.25,74.95,61.6,0,0,0,0,181.95,158.65,141.6,128.25,114.95,101.6,88.25,74.95,61.6,16,11
5146,-,5150,182.65,142,128.65,115.35,102,88.65,75.35,62,0,0,0,0,182.65,159.35,142,128.65,115.35,102,88.65,75.35,62,16.15,11.15
5151,-,5155,183.35,142.4,129.05,115.75,102.4,89.05,75.75,62.4,0,0,0,0,183.35,160.05,142.4,129.05,115.75,102.4,89.05,75.75,62.4,16.3,11.3
5156,-,5160,184.05,142.8,129.45,116.15,102.8,89.45,76.15,62.8,0,0,0,0,184.05,160.75,142.8,129.45,116.15,102.8,89.45,76.15,62.8,16.45,11.45
9 of 732,,,,,,,,,,,,,,,,,,,,,,,,,
,,,,,,,,,,,,,,,,,,,,,,,,,
"Jumlah
Saraan Bersih
Bulanan",,,,,,,,,,,,,"POTONGAN CUKAI BULANAN
MONTHLY TAX DEDUCTIONS",,,,,,,,,,,,
Total,,,"Kategori
1",,,,,"Kategori 2
Category 2",,,,,,,,,,,"Kategori 3
Category 3",,,,,,
"Monthly Net
Remuneration",,,"Category
1",,,,,"Jika isteri/suami tidak bekerja
Where wife/husband is not working",,,,,,,,,,,"Jika isteri/suami bekerja
Where wife/husband is working",,,,,,
,,,B,K,KA1,KA2,KA3,KA4,KA5,KA6,KA7,KA8,KA9,KA10,K,KA1,KA2,KA3,KA4,KA5,KA6,KA7,KA8,KA9,KA10
RM,,,RM,RM,RM,RM,RM,RM,RM,RM,RM,RM,RM,RM,RM,RM,RM,RM,RM,RM,RM,RM,RM,RM,RM
5161,-,5165,184.75,143.2,129.85,116.55,103.2,89.85,76.55,63.20 0,,0,0,0,184.75,161.45,143.2,129.85,116.55,103.2,89.85,76.55,63.2,16.6,11.6
5166,-,5170,185.45,143.6,130.25,116.95,103.6,90.25,76.95,63.6,50.25,0,0,0,185.45,162.15,143.6,130.25,116.95,103.6,90.25,76.95,63.6,50.25,11.75
5171,-,5175,186.15,144,130.65,117.35,104,90.65,77.35,64,50.65,0,0,0,186.15,162.85,144,130.65,117.35,104,90.65,77.35,64,50.65,11.9
5176,-,5180,186.85,144.4,131.05,117.75,104.4,91.05,77.75,64.4,51.05,0,0,0,186.85,163.55,144.4,131.05,117.75,104.4,91.05,77.75,64.4,51.05,12.05
5181,-,5185,187.55,144.8,131.45,118.15,104.8,91.45,78.15,64.8,51.45,0,0,0,187.55,164.25,144.8,131.45,118.15,104.8,91.45,78.15,64.8,51.45,12.2
5186,-,5190,188.25,145.2,131.85,118.55,105.2,91.85,78.55,65.2,51.85,0,0,0,188.25,164.95,145.2,131.85,118.55,105.2,91.85,78.55,65.2,51.85,12.35
5191,-,5195,188.95,145.6,132.25,118.95,105.6,92.25,78.95,65.6,52.25,0,0,0,188.95,165.65,145.6,132.25,118.95,105.6,92.25,78.95,65.6,52.25,12.5
5196,-,5200,189.65,146,132.65,119.35,106,92.65,79.35,66,52.65,0,0,0,189.65,166.35,146,132.65,119.35,106,92.65,79.35,66,52.65,12.65
5201,-,5205,190.35,146.4,133.05,119.75,106.4,93.05,79.75,66.4,53.05,0,0,0,190.35,167.05,146.4,133.05,119.75,106.4,93.05,79.75,66.4,53.05,12.8
5206,-,5210,191.05,146.8,133.45,120.15,106.8,93.45,80.15,66.8,53.45,0,0,0,191.05,167.75,146.8,133.45,120.15,106.8,93.45,80.15,66.8,53.45,12.95
5211,-,5215,191.75,147.2,133.85,120.55,107.2,93.85,80.55,67.2,53.85,0,0,0,191.75,168.45,147.2,133.85,120.55,107.2,93.85,80.55,67.2,53.85,13.1
5216,-,5220,192.45,147.6,134.25,120.95,107.6,94.25,80.95,67.6,54.25,0,0,0,192.45,169.15,147.6,134.25,120.95,107.6,94.25,80.95,67.6,54.25,13.25
5221,-,5225,193.15,148,134.65,121.35,108,94.65,81.35,68,54.65,0,0,0,193.15,169.85,148,134.65,121.35,108,94.65,81.35,68,54.65,13.4
5226,-,5230,193.85,148.4,135.05,121.75,108.4,95.05,81.75,68.4,55.05,0,0,0,193.85,170.55,148.4,135.05,121.75,108.4,95.05,81.75,68.4,55.05,13.55
5231,-,5235,194.55,148.8,135.45,122.15,108.8,95.45,82.15,68.8,55.45,0,0,0,194.55,171.25,148.8,135.45,122.15,108.8,95.45,82.15,68.8,55.45,13.7
5236,-,5240,195.25,149.2,135.85,122.55,109.2,95.85,82.55,69.2,55.85,0,0,0,195.25,171.95,149.2,135.85,122.55,109.2,95.85,82.55,69.2,55.85,13.85
5241,-,5245,195.95,149.6,136.25,122.95,109.6,96.25,82.95,69.6,56.25,0,0,0,195.95,172.65,149.6,136.25,122.95,109.6,96.25,82.95,69.6,56.25,14
5246,-,5250,196.65,150,136.65,123.35,110,96.65,83.35,70,56.65,0,0,0,196.65,173.35,150,136.65,123.35,110,96.65,83.35,70,56.65,14.15
5251,-,5255,197.35,150.7,137.05,123.75,110.4,97.05,83.75,70.4,57.05,0,0,0,197.35,174.05,150.7,137.05,123.75,110.4,97.05,83.75,70.4,57.05,14.3
5256,-,5260,198.05,151.4,137.45,124.15,110.8,97.45,84.15,70.8,57.45,0,0,0,198.05,174.75,151.4,137.45,124.15,110.8,97.45,84.15,70.8,57.45,14.45
5261,-,5265,198.75,152.1,137.85,124.55,111.2,97.85,84.55,71.2,57.85,0,0,0,198.75,175.45,152.1,137.85,124.55,111.2,97.85,84.55,71.2,57.85,14.6
5266,-,5270,199.45,152.8,138.25,124.95,111.6,98.25,84.95,71.6,58.25,0,0,0,199.45,176.15,152.8,138.25,124.95,111.6,98.25,84.95,71.6,58.25,14.75
5271,-,5275,200.15,153.5,138.65,125.35,112,98.65,85.35,72,58.65,0,0,0,200.15,176.85,153.5,138.65,125.35,112,98.65,85.35,72,58.65,14.9
5276,-,5280,200.85,154.2,139.05,125.75,112.4,99.05,85.75,72.4,59.05,0,0,0,200.85,177.55,154.2,139.05,125.75,112.4,99.05,85.75,72.4,59.05,15.05
5281,-,5285,201.55,154.9,139.45,126.15,112.8,99.45,86.15,72.8,59.45,0,0,0,201.55,178.25,154.9,139.45,126.15,112.8,99.45,86.15,72.8,59.45,15.2
5286,-,5290,202.25,155.6,139.85,126.55,113.2,99.85,86.55,73.2,59.85,0,0,0,202.25,178.95,155.6,139.85,126.55,113.2,99.85,86.55,73.2,59.85,15.35
5291,-,5295,202.95,156.3,140.25,126.95,113.6,100.25,86.95,73.6,60.25,0,0,0,202.95,179.65,156.3,140.25,126.95,113.6,100.25,86.95,73.6,60.25,15.5
5296,-,5300,203.65,157,140.65,127.35,114,100.65,87.35,74,60.65,0,0,0,203.65,180.35,157,140.65,127.35,114,100.65,87.35,74,60.65,15.65
5301,-,5305,204.35,157.7,141.05,127.75,114.4,101.05,87.75,74.4,61.05,0,0,0,204.35,181.05,157.7,141.05,127.75,114.4,101.05,87.75,74.4,61.05,15.8
5306,-,5310,205.05,158.4,141.45,128.15,114.8,101.45,88.15,74.8,61.45,0,0,0,205.05,181.75,158.4,141.45,128.15,114.8,101.45,88.15,74.8,61.45,15.95
5311,-,5315,205.75,159.1,141.85,128.55,115.2,101.85,88.55,75.2,61.85,0,0,0,205.75,182.45,159.1,141.85,128.55,115.2,101.85,88.55,75.2,61.85,16.1
5316,-,5320,206.45,159.8,142.25,128.95,115.6,102.25,88.95,75.6,62.25,0,0,0,206.45,183.15,159.8,142.25,128.95,115.6,102.25,88.95,75.6,62.25,16.25
5321,-,5325,207.15,160.5,142.65,129.35,116,102.65,89.35,76,62.65,0,0,0,207.15,183.85,160.5,142.65,129.35,116,102.65,89.35,76,62.65,16.4
5326,-,5330,207.85,161.2,143.05,129.75,116.4,103.05,89.75,76.4,63.05,0,0,0,207.85,184.55,161.2,143.05,129.75,116.4,103.05,89.75,76.4,63.05,16.55
5331,-,5335,208.55,161.9,143.45,130.15,116.8,103.45,90.15,76.8,63.45,50.15,0,0,208.55,185.25,161.9,143.45,130.15,116.8,103.45,90.15,76.8,63.45,50.15
5336,-,5340,209.25,162.6,143.85,130.55,117.2,103.85,90.55,77.2,63.85,50.55,0,0,209.25,185.95,162.6,143.85,130.55,117.2,103.85,90.55,77.2,63.85,50.55
5341,-,5345,209.95,163.3,144.25,130.95,117.6,104.25,90.95,77.6,64.25,50.95,0,0,209.95,186.65,163.3,144.25,130.95,117.6,104.25,90.95,77.6,64.25,50.95
5346,-,5350,210.65,164,144.65,131.35,118,104.65,91.35,78,64.65,51.35,0,0,210.65,187.35,164,144.65,131.35,118,104.65,91.35,78,64.65,51.35
5351,-,5355,211.35,164.7,145.05,131.75,118.4,105.05,91.75,78.4,65.05,51.75,0,0,211.35,188.05,164.7,145.05,131.75,118.4,105.05,91.75,78.4,65.05,51.75
5356,-,5360,212.05,165.4,145.45,132.15,118.8,105.45,92.15,78.8,65.45,52.15,0,0,212.05,188.75,165.4,145.45,132.15,118.8,105.45,92.15,78.8,65.45,52.15
5361,-,5365,212.75,166.1,145.85,132.55,119.2,105.85,92.55,79.2,65.85,52.55,0,0,212.75,189.45,166.1,145.85,132.55,119.2,105.85,92.55,79.2,65.85,52.55
5366,-,5370,213.45,166.8,146.25,132.95,119.6,106.25,92.95,79.6,66.25,52.95,0,0,213.45,190.15,166.8,146.25,132.95,119.6,106.25,92.95,79.6,66.25,52.95
5371,-,5375,214.15,167.5,146.65,133.35,120,106.65,93.35,80,66.65,53.35,0,0,214.15,190.85,167.5,146.65,133.35,120,106.65,93.35,80,66.65,53.35
5376,-,5380,214.85,168.2,147.05,133.75,120.4,107.05,93.75,80.4,67.05,53.75,0,0,214.85,191.55,168.2,147.05,133.75,120.4,107.05,93.75,80.4,67.05,53.75
5381,-,5385,215.55,168.9,147.45,134.15,120.8,107.45,94.15,80.8,67.45,54.15,0,0,215.55,192.25,168.9,147.45,134.15,120.8,107.45,94.15,80.8,67.45,54.15
5386,-,5390,216.25,169.6,147.85,134.55,121.2,107.85,94.55,81.2,67.85,54.55,0,0,216.25,192.95,169.6,147.85,134.55,121.2,107.85,94.55,81.2,67.85,54.55
5391,-,5395,216.95,170.3,148.25,134.95,121.6,108.25,94.95,81.6,68.25,54.95,0,0,216.95,193.65,170.3,148.25,134.95,121.6,108.25,94.95,81.6,68.25,54.95
10 of 732,,,,,,,,,,,,,,,,,,,,,,,,,
,,,,,,,,,,,,,,,,,,,,,,,,,
"Jumlah
Saraan Bersih
Bulanan",,,,,,,,,,,,,"POTONGAN CUKAI BULANAN
MONTHLY TAX DEDUCTIONS",,,,,,,,,,,,
Total,,,"Kategori
1",,,,,"Kategori 2
Category 2",,,,,,,,,,,"Kategori 3
Category 3",,,,,,
"Monthly Net
Remuneration",,,"Category
1",,,,,"Jika isteri/suami tidak bekerja
Where wife/husband is not working",,,,,,,,,,,"Jika isteri/suami bekerja
Where wife/husband is working",,,,,,
,,,B,K,KA1,KA2,KA3,KA4,KA5,KA6,KA7,KA8,KA9,KA10,K,KA1,KA2,KA3,KA4,KA5,KA6,KA7,KA8,KA9,KA10
RM,,,RM,RM,RM,RM,RM,RM,RM,RM,RM,RM,RM,RM,RM,RM,RM,RM,RM,RM,RM,RM,RM,RM,RM
5396,-,5400,217.65,171,148.65,135.35,122,108.65,95.35,82,68.65,55.35,0,0,217.65,194.35,171,148.65,135.35,122,108.65,95.35,82,68.65,55.35
5401,-,5405,218.35,171.7,149.05,135.75,122.4,109.05,95.75,82.4,69.05,55.75,0,0,218.35,195.05,171.7,149.05,135.75,122.4,109.05,95.75,82.4,69.05,55.75
5406,-,5410,219.05,172.4,149.45,136.15,122.8,109.45,96.15,82.8,69.45,56.15,0,0,219.05,195.75,172.4,149.45,136.15,122.8,109.45,96.15,82.8,69.45,56.15
5411,-,5415,219.75,173.1,149.85,136.55,123.2,109.85,96.55,83.2,69.85,56.55,0,0,219.75,196.45,173.1,149.85,136.55,123.2,109.85,96.55,83.2,69.85,56.55
5416,-,5420,220.45,173.8,150.45,136.95,123.6,110.25,96.95,83.6,70.25,56.95,0,0,220.45,197.15,173.8,150.45,136.95,123.6,110.25,96.95,83.6,70.25,56.95
5421,-,5425,221.15,174.5,151.15,137.35,124,110.65,97.35,84,70.65,57.35,0,0,221.15,197.85,174.5,151.15,137.35,124,110.65,97.35,84,70.65,57.35
5426,-,5430,221.85,175.2,151.85,137.75,124.4,111.05,97.75,84.4,71.05,57.75,0,0,221.85,198.55,175.2,151.85,137.75,124.4,111.05,97.75,84.4,71.05,57.75
5431,-,5435,222.55,175.9,152.55,138.15,124.8,111.45,98.15,84.8,71.45,58.15,0,0,222.55,199.25,175.9,152.55,138.15,124.8,111.45,98.15,84.8,71.45,58.15
5436,-,5440,223.25,176.6,153.25,138.55,125.2,111.85,98.55,85.2,71.85,58.55,0,0,223.25,199.95,176.6,153.25,138.55,125.2,111.85,98.55,85.2,71.85,58.55
5441,-,5445,223.95,177.3,153.95,138.95,125.6,112.25,98.95,85.6,72.25,58.95,0,0,223.95,200.65,177.3,153.95,138.95,125.6,112.25,98.95,85.6,72.25,58.95
5446,-,5450,224.65,178,154.65,139.35,126,112.65,99.35,86,72.65,59.35,0,0,224.65,201.35,178,154.65,139.35,126,112.65,99.35,86,72.65,59.35
5451,-,5455,225.35,178.7,155.35,139.75,126.4,113.05,99.75,86.4,73.05,59.75,0,0,225.35,202.05,178.7,155.35,139.75,126.4,113.05,99.75,86.4,73.05,59.75
5456,-,5460,226.05,179.4,156.05,140.15,126.8,113.45,100.15,86.8,73.45,60.15,0,0,226.05,202.75,179.4,156.05,140.15,126.8,113.45,100.15,86.8,73.45,60.15
5461,-,5465,226.75,180.1,156.75,140.55,127.2,113.85,100.55,87.2,73.85,60.55,0,0,226.75,203.45,180.1,156.75,140.55,127.2,113.85,100.55,87.2,73.85,60.55
5466,-,5470,227.45,180.8,157.45,140.95,127.6,114.25,100.95,87.6,74.25,60.95,0,0,227.45,204.15,180.8,157.45,140.95,127.6,114.25,100.95,87.6,74.25,60.95
5471,-,5475,228.15,181.5,158.15,141.35,128,114.65,101.35,88,74.65,61.35,0,0,228.15,204.85,181.5,158.15,141.35,128,114.65,101.35,88,74.65,61.35
5476,-,5480,228.85,182.2,158.85,141.75,128.4,115.05,101.75,88.4,75.05,61.75,0,0,228.85,205.55,182.2,158.85,141.75,128.4,115.05,101.75,88.4,75.05,61.75
5481,-,5485,229.55,182.9,159.55,142.15,128.8,115.45,102.15,88.8,75.45,62.15,0,0,229.55,206.25,182.9,159.55,142.15,128.8,115.45,102.15,88.8,75.45,62.15
5486,-,5490,230.25,183.6,160.25,142.55,129.2,115.85,102.55,89.2,75.85,62.55,0,0,230.25,206.95,183.6,160.25,142.55,129.2,115.85,102.55,89.2,75.85,62.55
5491,-,5495,230.95,184.3,160.95,142.95,129.6,116.25,102.95,89.6,76.25,62.95,0,0,230.95,207.65,184.3,160.95,142.95,129.6,116.25,102.95,89.6,76.25,62.95
5496,-,5500,231.65,185,161.65,143.35,130,116.65,103.35,90,76.65,63.35,0,0,231.65,208.35,185,161.65,143.35,130,116.65,103.35,90,76.65,63.35
5501,-,5505,232.35,185.7,162.35,143.75,130.4,117.05,103.75,90.4,77.05,63.75,50.4,0,232.35,209.05,185.7,162.35,143.75,130.4,117.05,103.75,90.4,77.05,63.75
5506,-,5510,233.05,186.4,163.05,144.15,130.8,117.45,104.15,90.8,77.45,64.15,50.8,0,233.05,209.75,186.4,163.05,144.15,130.8,117.45,104.15,90.8,77.45,64.15
5511,-,5515,233.75,187.1,163.75,144.55,131.2,117.85,104.55,91.2,77.85,64.55,51.2,0,233.75,210.45,187.1,163.75,144.55,131.2,117.85,104.55,91.2,77.85,64.55
5516,-,5520,234.45,187.8,164.45,144.95,131.6,118.25,104.95,91.6,78.25,64.95,51.6,0,234.45,211.15,187.8,164.45,144.95,131.6,118.25,104.95,91.6,78.25,64.95
5521,-,5525,235.15,188.5,165.15,145.35,132,118.65,105.35,92,78.65,65.35,52,0,235.15,211.85,188.5,165.15,145.35,132,118.65,105.35,92,78.65,65.35
5526,-,5530,235.85,189.2,165.85,145.75,132.4,119.05,105.75,92.4,79.05,65.75,52.4,0,235.85,212.55,189.2,165.85,145.75,132.4,119.05,105.75,92.4,79.05,65.75
5531,-,5535,236.55,189.9,166.55,146.15,132.8,119.45,106.15,92.8,79.45,66.15,52.8,0,236.55,213.25,189.9,166.55,146.15,132.8,119.45,106.15,92.8,79.45,66.15
5536,-,5540,237.25,190.6,167.25,146.55,133.2,119.85,106.55,93.2,79.85,66.55,53.2,0,237.25,213.95,190.6,167.25,146.55,133.2,119.85,106.55,93.2,79.85,66.55
5541,-,5545,237.95,191.3,167.95,146.95,133.6,120.25,106.95,93.6,80.25,66.95,53.6,0,237.95,214.65,191.3,167.95,146.95,133.6,120.25,106.95,93.6,80.25,66.95
5546,-,5550,238.65,192,168.65,147.35,134,120.65,107.35,94,80.65,67.35,54,0,238.65,215.35,192,168.65,147.35,134,120.65,107.35,94,80.65,67.35
5551,-,5555,239.35,192.7,169.35,147.75,134.4,121.05,107.75,94.4,81.05,67.75,54.4,0,239.35,216.05,192.7,169.35,147.75,134.4,121.05,107.75,94.4,81.05,67.75
5556,-,5560,240.05,193.4,170.05,148.15,134.8,121.45,108.15,94.8,81.45,68.15,54.8,0,240.05,216.75,193.4,170.05,148.15,134.8,121.45,108.15,94.8,81.45,68.15
5561,-,5565,240.75,194.1,170.75,148.55,135.2,121.85,108.55,95.2,81.85,68.55,55.2,0,240.75,217.45,194.1,170.75,148.55,135.2,121.85,108.55,95.2,81.85,68.55
5566,-,5570,241.45,194.8,171.45,148.95,135.6,122.25,108.95,95.6,82.25,68.95,55.6,0,241.45,218.15,194.8,171.45,148.95,135.6,122.25,108.95,95.6,82.25,68.95
5571,-,5575,242.15,195.5,172.15,149.35,136,122.65,109.35,96,82.65,69.35,56,0,242.15,218.85,195.5,172.15,149.35,136,122.65,109.35,96,82.65,69.35
5576,-,5580,242.85,196.2,172.85,149.75,136.4,123.05,109.75,96.4,83.05,69.75,56.4,0,242.85,219.55,196.2,172.85,149.75,136.4,123.05,109.75,96.4,83.05,69.75
5581,-,5585,243.55,196.9,173.55,150.25,136.8,123.45,110.15,96.8,83.45,70.15,56.8,0,243.55,220.25,196.9,173.55,150.25,136.8,123.45,110.15,96.8,83.45,70.15
5586,-,5590,244.25,197.6,174.25,150.95,137.2,123.85,110.55,97.2,83.85,70.55,57.2,0,244.25,220.95,197.6,174.25,150.95,137.2,123.85,110.55,97.2,83.85,70.55
5591,-,5595,244.95,198.3,174.95,151.65,137.6,124.25,110.95,97.6,84.25,70.95,57.6,0,244.95,221.65,198.3,174.95,151.65,137.6,124.25,110.95,97.6,84.25,70.95
5596,-,5600,245.65,199,175.65,152.35,138,124.65,111.35,98,84.65,71.35,58,0,245.65,222.35,199,175.65,152.35,138,124.65,111.35,98,84.65,71.35
5601,-,5605,246.35,199.7,176.35,153.05,138.4,125.05,111.75,98.4,85.05,71.75,58.4,0,246.35,223.05,199.7,176.35,153.05,138.4,125.05,111.75,98.4,85.05,71.75
5606,-,5610,247.05,200.4,177.05,153.75,138.8,125.45,112.15,98.8,85.45,72.15,58.8,0,247.05,223.75,200.4,177.05,153.75,138.8,125.45,112.15,98.8,85.45,72.15
5611,-,5615,247.75,201.1,177.75,154.45,139.2,125.85,112.55,99.2,85.85,72.55,59.2,0,247.75,224.45,201.1,177.75,154.45,139.2,125.85,112.55,99.2,85.85,72.55
5616,-,5620,248.45,201.8,178.45,155.15,139.6,126.25,112.95,99.6,86.25,72.95,59.6,0,248.45,225.15,201.8,178.45,155.15,139.6,126.25,112.95,99.6,86.25,72.95
5621,-,5625,249.15,202.5,179.15,155.85,140,126.65,113.35,100,86.65,73.35,60,0,249.15,225.85,202.5,179.15,155.85,140,126.65,113.35,100,86.65,73.35
5626,-,5630,249.85,203.2,179.85,156.55,140.4,127.05,113.75,100.4,87.05,73.75,60.4,0,249.85,226.55,203.2,179.85,156.55,140.4,127.05,113.75,100.4,87.05,73.75
11 of 732,,,,,,,,,,,,,,,,,,,,,,,,,
,,,,,,,,,,,,,,,,,,,,,,,,,
"Jumlah
Saraan Bersih
Bulanan",,,,,,,,,,,,,"POTONGAN CUKAI BULANAN
MONTHLY TAX DEDUCTIONS",,,,,,,,,,,,
Total,,,"Kategori
1",,,,,"Kategori 2
Category 2",,,,,,,,,,,"Kategori 3
Category 3",,,,,,
"Monthly Net
Remuneration",,,"Category
1",,,,,"Jika isteri/suami tidak bekerja
Where wife/husband is not working",,,,,,,,,,,"Jika isteri/suami bekerja
Where wife/husband is working",,,,,,
,,,B,K,KA1,KA2,KA3,KA4,KA5,KA6,KA7,KA8,KA9,KA10,K,KA1,KA2,KA3,KA4,KA5,KA6,KA7,KA8,KA9,KA10
RM,,,RM,RM,RM,RM,RM,RM,RM,RM,RM,RM,RM,RM,RM,RM,RM,RM,RM,RM,RM,RM,RM,RM,RM
5631,-,5635,250.55,203.9,180.55,157.25,140.8,127.45,114.15,100.8,87.45,74.15,60.8,0,250.55,227.25,203.9,180.55,157.25,140.8,127.45,114.15,100.8,87.45,74.15
5636,-,5640,251.25,204.6,181.25,157.95,141.2,127.85,114.55,101.2,87.85,74.55,61.2,0,251.25,227.95,204.6,181.25,157.95,141.2,127.85,114.55,101.2,87.85,74.55
5641,-,5645,251.95,205.3,181.95,158.65,141.6,128.25,114.95,101.6,88.25,74.95,61.6,0,251.95,228.65,205.3,181.95,158.65,141.6,128.25,114.95,101.6,88.25,74.95
5646,-,5650,252.65,206,182.65,159.35,142,128.65,115.35,102,88.65,75.35,62,0,252.65,229.35,206,182.65,159.35,142,128.65,115.35,102,88.65,75.35
5651,-,5655,253.35,206.7,183.35,160.05,142.4,129.05,115.75,102.4,89.05,75.75,62.4,0,253.35,230.05,206.7,183.35,160.05,142.4,129.05,115.75,102.4,89.05,75.75
5656,-,5660,254.05,207.4,184.05,160.75,142.8,129.45,116.15,102.8,89.45,76.15,62.8,0,254.05,230.75,207.4,184.05,160.75,142.8,129.45,116.15,102.8,89.45,76.15
5661,-,5665,254.75,208.1,184.75,161.45,143.2,129.85,116.55,103.2,89.85,76.55,63.2,0,254.75,231.45,208.1,184.75,161.45,143.2,129.85,116.55,103.2,89.85,76.55
5666,-,5670,255.45,208.8,185.45,162.15,143.6,130.25,116.95,103.6,90.25,76.95,63.6,50.25,255.45,232.15,208.8,185.45,162.15,143.6,130.25,116.95,103.6,90.25,76.95
5671,-,5675,256.15,209.5,186.15,162.85,144,130.65,117.35,104,90.65,77.35,64,50.65,256.15,232.85,209.5,186.15,162.85,144,130.65,117.35,104,90.65,77.35
5676,-,5680,256.85,210.2,186.85,163.55,144.4,131.05,117.75,104.4,91.05,77.75,64.4,51.05,256.85,233.55,210.2,186.85,163.55,144.4,131.05,117.75,104.4,91.05,77.75
5681,-,5685,257.55,210.9,187.55,164.25,144.8,131.45,118.15,104.8,91.45,78.15,64.8,51.45,257.55,234.25,210.9,187.55,164.25,144.8,131.45,118.15,104.8,91.45,78.15
5686,-,5690,258.25,211.6,188.25,164.95,145.2,131.85,118.55,105.2,91.85,78.55,65.2,51.85,258.25,234.95,211.6,188.25,164.95,145.2,131.85,118.55,105.2,91.85,78.55
5691,-,5695,258.95,212.3,188.95,165.65,145.6,132.25,118.95,105.6,92.25,78.95,65.6,52.25,258.95,235.65,212.3,188.95,165.65,145.6,132.25,118.95,105.6,92.25,78.95
5696,-,5700,259.65,213,189.65,166.35,146,132.65,119.35,106,92.65,79.35,66,52.65,259.65,236.35,213,189.65,166.35,146,132.65,119.35,106,92.65,79.35
5701,-,5705,260.35,213.7,190.35,167.05,146.4,133.05,119.75,106.4,93.05,79.75,66.4,53.05,260.35,237.05,213.7,190.35,167.05,146.4,133.05,119.75,106.4,93.05,79.75
5706,-,5710,261.05,214.4,191.05,167.75,146.8,133.45,120.15,106.8,93.45,80.15,66.8,53.45,261.05,237.75,214.4,191.05,167.75,146.8,133.45,120.15,106.8,93.45,80.15
5711,-,5715,261.75,215.1,191.75,168.45,147.2,133.85,120.55,107.2,93.85,80.55,67.2,53.85,261.75,238.45,215.1,191.75,168.45,147.2,133.85,120.55,107.2,93.85,80.55
5716,-,5720,262.45,215.8,192.45,169.15,147.6,134.25,120.95,107.6,94.25,80.95,67.6,54.25,262.45,239.15,215.8,192.45,169.15,147.6,134.25,120.95,107.6,94.25,80.95
5721,-,5725,263.15,216.5,193.15,169.85,148,134.65,121.35,108,94.65,81.35,68,54.65,263.15,239.85,216.5,193.15,169.85,148,134.65,121.35,108,94.65,81.35
5726,-,5730,263.85,217.2,193.85,170.55,148.4,135.05,121.75,108.4,95.05,81.75,68.4,55.05,263.85,240.55,217.2,193.85,170.55,148.4,135.05,121.75,108.4,95.05,81.75
5731,-,5735,264.55,217.9,194.55,171.25,148.8,135.45,122.15,108.8,95.45,82.15,68.8,55.45,264.55,241.25,217.9,194.55,171.25,148.8,135.45,122.15,108.8,95.45,82.15
5736,-,5740,265.25,218.6,195.25,171.95,149.2,135.85,122.55,109.2,95.85,82.55,69.2,55.85,265.25,241.95,218.6,195.25,171.95,149.2,135.85,122.55,109.2,95.85,82.55
5741,-,5745,265.95,219.3,195.95,172.65,149.6,136.25,122.95,109.6,96.25,82.95,69.6,56.25,265.95,242.65,219.3,195.95,172.65,149.6,136.25,122.95,109.6,96.25,82.95
5746,-,5750,266.65,220,196.65,173.35,150,136.65,123.35,110,96.65,83.35,70,56.65,266.65,243.35,220,196.65,173.35,150,136.65,123.35,110,96.65,83.35
5751,-,5755,267.35,220.7,197.35,174.05,150.7,137.05,123.75,110.4,97.05,83.75,70.4,57.05,267.35,244.05,220.7,197.35,174.05,150.7,137.05,123.75,110.4,97.05,83.75
5756,-,5760,268.05,221.4,198.05,174.75,151.4,137.45,124.15,110.8,97.45,84.15,70.8,57.45,268.05,244.75,221.4,198.05,174.75,151.4,137.45,124.15,110.8,97.45,84.15
5761,-,5765,268.75,222.1,198.75,175.45,152.1,137.85,124.55,111.2,97.85,84.55,71.2,57.85,268.75,245.45,222.1,198.75,175.45,152.1,137.85,124.55,111.2,97.85,84.55
5766,-,5770,269.45,222.8,199.45,176.15,152.8,138.25,124.95,111.6,98.25,84.95,71.6,58.25,269.45,246.15,222.8,199.45,176.15,152.8,138.25,124.95,111.6,98.25,84.95
5771,-,5775,270.15,223.5,200.15,176.85,153.5,138.65,125.35,112,98.65,85.35,72,58.65,270.15,246.85,223.5,200.15,176.85,153.5,138.65,125.35,112,98.65,85.35
5776,-,5780,270.85,224.2,200.85,177.55,154.2,139.05,125.75,112.4,99.05,85.75,72.4,59.05,270.85,247.55,224.2,200.85,177.55,154.2,139.05,125.75,112.4,99.05,85.75
5781,-,5785,271.55,224.9,201.55,178.25,154.9,139.45,126.15,112.8,99.45,86.15,72.8,59.45,271.55,248.25,224.9,201.55,178.25,154.9,139.45,126.15,112.8,99.45,86.15
5786,-,5790,272.25,225.6,202.25,178.95,155.6,139.85,126.55,113.2,99.85,86.55,73.2,59.85,272.25,248.95,225.6,202.25,178.95,155.6,139.85,126.55,113.2,99.85,86.55
5791,-,5795,272.95,226.3,202.95,179.65,156.3,140.25,126.95,113.6,100.25,86.95,73.6,60.25,272.95,249.65,226.3,202.95,179.65,156.3,140.25,126.95,113.6,100.25,86.95
5796,-,5800,273.65,227,203.65,180.35,157,140.65,127.35,114,100.65,87.35,74,60.65,273.65,250.35,227,203.65,180.35,157,140.65,127.35,114,100.65,87.35
5801,-,5805,274.35,227.7,204.35,181.05,157.7,141.05,127.75,114.4,101.05,87.75,74.4,61.05,274.35,251.05,227.7,204.35,181.05,157.7,141.05,127.75,114.4,101.05,87.75
5806,-,5810,275.05,228.4,205.05,181.75,158.4,141.45,128.15,114.8,101.45,88.15,74.8,61.45,275.05,251.75,228.4,205.05,181.75,158.4,141.45,128.15,114.8,101.45,88.15
5811,-,5815,275.75,229.1,205.75,182.45,159.1,141.85,128.55,115.2,101.85,88.55,75.2,61.85,275.75,252.45,229.1,205.75,182.45,159.1,141.85,128.55,115.2,101.85,88.55
5816,-,5820,276.45,229.8,206.45,183.15,159.8,142.25,128.95,115.6,102.25,88.95,75.6,62.25,276.45,253.15,229.8,206.45,183.15,159.8,142.25,128.95,115.6,102.25,88.95
5821,-,5825,277.15,230.5,207.15,183.85,160.5,142.65,129.35,116,102.65,89.35,76,62.65,277.15,253.85,230.5,207.15,183.85,160.5,142.65,129.35,116,102.65,89.35
5826,-,5830,277.85,231.2,207.85,184.55,161.2,143.05,129.75,116.4,103.05,89.75,76.4,63.05,277.85,254.55,231.2,207.85,184.55,161.2,143.05,129.75,116.4,103.05,89.75
5831,-,5835,278.55,231.9,208.55,185.25,161.9,143.45,130.15,116.8,103.45,90.15,76.8,63.45,278.55,255.25,231.9,208.55,185.25,161.9,143.45,130.15,116.8,103.45,90.15
5836,-,5840,279.25,232.6,209.25,185.95,162.6,143.85,130.55,117.2,103.85,90.55,77.2,63.85,279.25,255.95,232.6,209.25,185.95,162.6,143.85,130.55,117.2,103.85,90.55
5841,-,5845,279.95,233.3,209.95,186.65,163.3,144.25,130.95,117.6,104.25,90.95,77.6,64.25,279.95,256.65,233.3,209.95,186.65,163.3,144.25,130.95,117.6,104.25,90.95
5846,-,5850,280.65,234,210.65,187.35,164,144.65,131.35,118,104.65,91.35,78,64.65,280.65,257.35,234,210.65,187.35,164,144.65,131.35,118,104.65,91.35
5851,-,5855,281.35,234.7,211.35,188.05,164.7,145.05,131.75,118.4,105.05,91.75,78.4,65.05,281.35,258.05,234.7,211.35,188.05,164.7,145.05,131.75,118.4,105.05,91.75
5856,-,5860,282.05,235.4,212.05,188.75,165.4,145.45,132.15,118.8,105.45,92.15,78.8,65.45,282.05,258.75,235.4,212.05,188.75,165.4,145.45,132.15,118.8,105.45,92.15
5861,-,5865,282.75,236.1,212.75,189.45,166.1,145.85,132.55,119.2,105.85,92.55,79.2,65.85,282.75,259.45,236.1,212.75,189.45,166.1,145.85,132.55,119.2,105.85,92.55
12 of 732,,,,,,,,,,,,,,,,,,,,,,,,,
,,,,,,,,,,,,,,,,,,,,,,,,,
"Jumlah
Saraan Bersih
Bulanan",,,,,,,,,,,,,"POTONGAN CUKAI BULANAN
MONTHLY TAX DEDUCTIONS",,,,,,,,,,,,
Total,,,"Kategori
1",,,,,"Kategori 2
Category 2",,,,,,,,,,,"Kategori 3
Category 3",,,,,,
"Monthly Net
Remuneration",,,"Category
1",,,,,"Jika isteri/suami tidak bekerja
Where wife/husband is not working",,,,,,,,,,,"Jika isteri/suami bekerja
Where wife/husband is working",,,,,,
,,,B,K,KA1,KA2,KA3,KA4,KA5,KA6,KA7,KA8,KA9,KA10,K,KA1,KA2,KA3,KA4,KA5,KA6,KA7,KA8,KA9,KA10
RM,,,RM,RM,RM,RM,RM,RM,RM,RM,RM,RM,RM,RM,RM,RM,RM,RM,RM,RM,RM,RM,RM,RM,RM
5866,-,5870,283.45,236.8,213.45,190.15,166.8,146.25,132.95,119.6,106.25,92.95,79.6,66.25,283.45,260.15,236.8,213.45,190.15,166.8,146.25,132.95,119.6,106.25,92.95
5871,-,5875,284.15,237.5,214.15,190.85,167.5,146.65,133.35,120,106.65,93.35,80,66.65,284.15,260.85,237.5,214.15,190.85,167.5,146.65,133.35,120,106.65,93.35
5876,-,5880,284.85,238.2,214.85,191.55,168.2,147.05,133.75,120.4,107.05,93.75,80.4,67.05,284.85,261.55,238.2,214.85,191.55,168.2,147.05,133.75,120.4,107.05,93.75
5881,-,5885,285.55,238.9,215.55,192.25,168.9,147.45,134.15,120.8,107.45,94.15,80.8,67.45,285.55,262.25,238.9,215.55,192.25,168.9,147.45,134.15,120.8,107.45,94.15
5886,-,5890,286.25,239.6,216.25,192.95,169.6,147.85,134.55,121.2,107.85,94.55,81.2,67.85,286.25,262.95,239.6,216.25,192.95,169.6,147.85,134.55,121.2,107.85,94.55
5891,-,5895,286.95,240.3,216.95,193.65,170.3,148.25,134.95,121.6,108.25,94.95,81.6,68.25,286.95,263.65,240.3,216.95,193.65,170.3,148.25,134.95,121.6,108.25,94.95
5896,-,5900,287.65,241,217.65,194.35,171,148.65,135.35,122,108.65,95.35,82,68.65,287.65,264.35,241,217.65,194.35,171,148.65,135.35,122,108.65,95.35
5901,-,5905,288.35,241.7,218.35,195.05,171.7,149.05,135.75,122.4,109.05,95.75,82.4,69.05,288.35,265.05,241.7,218.35,195.05,171.7,149.05,135.75,122.4,109.05,95.75
5906,-,5910,289.05,242.4,219.05,195.75,172.4,149.45,136.15,122.8,109.45,96.15,82.8,69.45,289.05,265.75,242.4,219.05,195.75,172.4,149.45,136.15,122.8,109.45,96.15
5911,-,5915,289.75,243.1,219.75,196.45,173.1,149.85,136.55,123.2,109.85,96.55,83.2,69.85,289.75,266.45,243.1,219.75,196.45,173.1,149.85,136.55,123.2,109.85,96.55
5916,-,5920,290.45,243.8,220.45,197.15,173.8,150.45,136.95,123.6,110.25,96.95,83.6,70.25,290.45,267.15,243.8,220.45,197.15,173.8,150.45,136.95,123.6,110.25,96.95
5921,-,5925,291.15,244.5,221.15,197.85,174.5,151.15,137.35,124,110.65,97.35,84,70.65,291.15,267.85,244.5,221.15,197.85,174.5,151.15,137.35,124,110.65,97.35
5926,-,5930,291.85,245.2,221.85,198.55,175.2,151.85,137.75,124.4,111.05,97.75,84.4,71.05,291.85,268.55,245.2,221.85,198.55,175.2,151.85,137.75,124.4,111.05,97.75
5931,-,5935,292.55,245.9,222.55,199.25,175.9,152.55,138.15,124.8,111.45,98.15,84.8,71.45,292.55,269.25,245.9,222.55,199.25,175.9,152.55,138.15,124.8,111.45,98.15
5936,-,5940,293.25,246.6,223.25,199.95,176.6,153.25,138.55,125.2,111.85,98.55,85.2,71.85,293.25,269.95,246.6,223.25,199.95,176.6,153.25,138.55,125.2,111.85,98.55
5941,-,5945,293.95,247.3,223.95,200.65,177.3,153.95,138.95,125.6,112.25,98.95,85.6,72.25,293.95,270.65,247.3,223.95,200.65,177.3,153.95,138.95,125.6,112.25,98.95
5946,-,5950,294.65,248,224.65,201.35,178,154.65,139.35,126,112.65,99.35,86,72.65,294.65,271.35,248,224.65,201.35,178,154.65,139.35,126,112.65,99.35
5951,-,5955,295.35,248.7,225.35,202.05,178.7,155.35,139.75,126.4,113.05,99.75,86.4,73.05,295.35,272.05,248.7,225.35,202.05,178.7,155.35,139.75,126.4,113.05,99.75
5956,-,5960,296.05,249.4,226.05,202.75,179.4,156.05,140.15,126.8,113.45,100.15,86.8,73.45,296.05,272.75,249.4,226.05,202.75,179.4,156.05,140.15,126.8,113.45,100.15
5961,-,5965,296.75,250.1,226.75,203.45,180.1,156.75,140.55,127.2,113.85,100.55,87.2,73.85,296.75,273.45,250.1,226.75,203.45,180.1,156.75,140.55,127.2,113.85,100.55
5966,-,5970,297.45,250.8,227.45,204.15,180.8,157.45,140.95,127.6,114.25,100.95,87.6,74.25,297.45,274.15,250.8,227.45,204.15,180.8,157.45,140.95,127.6,114.25,100.95
5971,-,5975,298.15,251.5,228.15,204.85,181.5,158.15,141.35,128,114.65,101.35,88,74.65,298.15,274.85,251.5,228.15,204.85,181.5,158.15,141.35,128,114.65,101.35
5976,-,5980,298.85,252.2,228.85,205.55,182.2,158.85,141.75,128.4,115.05,101.75,88.4,75.05,298.85,275.55,252.2,228.85,205.55,182.2,158.85,141.75,128.4,115.05,101.75
5981,-,5985,299.55,252.9,229.55,206.25,182.9,159.55,142.15,128.8,115.45,102.15,88.8,75.45,299.55,276.25,252.9,229.55,206.25,182.9,159.55,142.15,128.8,115.45,102.15
5986,-,5990,300.25,253.6,230.25,206.95,183.6,160.25,142.55,129.2,115.85,102.55,89.2,75.85,300.25,276.95,253.6,230.25,206.95,183.6,160.25,142.55,129.2,115.85,102.55
5991,-,5995,300.95,254.3,230.95,207.65,184.3,160.95,142.95,129.6,116.25,102.95,89.6,76.25,300.95,277.65,254.3,230.95,207.65,184.3,160.95,142.95,129.6,116.25,102.95
5996,-,6000,301.65,255,231.65,208.35,185,161.65,143.35,130,116.65,103.35,90,76.65,301.65,278.35,255,231.65,208.35,185,161.65,143.35,130,116.65,103.35
6001,-,6005,302.35,255.7,232.35,209.05,185.7,162.35,143.75,130.4,117.05,103.75,90.4,77.05,302.35,279.05,255.7,232.35,209.05,185.7,162.35,143.75,130.4,117.05,103.75
6006,-,6010,303.05,256.4,233.05,209.75,186.4,163.05,144.15,130.8,117.45,104.15,90.8,77.45,303.05,279.75,256.4,233.05,209.75,186.4,163.05,144.15,130.8,117.45,104.15
6011,-,6015,303.75,257.1,233.75,210.45,187.1,163.75,144.55,131.2,117.85,104.55,91.2,77.85,303.75,280.45,257.1,233.75,210.45,187.1,163.75,144.55,131.2,117.85,104.55
6016,-,6020,304.45,257.8,234.45,211.15,187.8,164.45,144.95,131.6,118.25,104.95,91.6,78.25,304.45,281.15,257.8,234.45,211.15,187.8,164.45,144.95,131.6,118.25,104.95
6021,-,6025,305.15,258.5,235.15,211.85,188.5,165.15,145.35,132,118.65,105.35,92,78.65,305.15,281.85,258.5,235.15,211.85,188.5,165.15,145.35,132,118.65,105.35
6026,-,6030,305.85,259.2,235.85,212.55,189.2,165.85,145.75,132.4,119.05,105.75,92.4,79.05,305.85,282.55,259.2,235.85,212.55,189.2,165.85,145.75,132.4,119.05,105.75
6031,-,6035,306.55,259.9,236.55,213.25,189.9,166.55,146.15,132.8,119.45,106.15,92.8,79.45,306.55,283.25,259.9,236.55,213.25,189.9,166.55,146.15,132.8,119.45,106.15
6036,-,6040,307.25,260.6,237.25,213.95,190.6,167.25,146.55,133.2,119.85,106.55,93.2,79.85,307.25,283.95,260.6,237.25,213.95,190.6,167.25,146.55,133.2,119.85,106.55
6041,-,6045,307.95,261.3,237.95,214.65,191.3,167.95,146.95,133.6,120.25,106.95,93.6,80.25,307.95,284.65,261.3,237.95,214.65,191.3,167.95,146.95,133.6,120.25,106.95
6046,-,6050,308.65,262,238.65,215.35,192,168.65,147.35,134,120.65,107.35,94,80.65,308.65,285.35,262,238.65,215.35,192,168.65,147.35,134,120.65,107.35
6051,-,6055,309.35,262.7,239.35,216.05,192.7,169.35,147.75,134.4,121.05,107.75,94.4,81.05,309.35,286.05,262.7,239.35,216.05,192.7,169.35,147.75,134.4,121.05,107.75
6056,-,6060,310.05,263.4,240.05,216.75,193.4,170.05,148.15,134.8,121.45,108.15,94.8,81.45,310.05,286.75,263.4,240.05,216.75,193.4,170.05,148.15,134.8,121.45,108.15
6061,-,6065,310.75,264.1,240.75,217.45,194.1,170.75,148.55,135.2,121.85,108.55,95.2,81.85,310.75,287.45,264.1,240.75,217.45,194.1,170.75,148.55,135.2,121.85,108.55
6066,-,6070,311.45,264.8,241.45,218.15,194.8,171.45,148.95,135.6,122.25,108.95,95.6,82.25,311.45,288.15,264.8,241.45,218.15,194.8,171.45,148.95,135.6,122.25,108.95
6071,-,6075,312.15,265.5,242.15,218.85,195.5,172.15,149.35,136,122.65,109.35,96,82.65,312.15,288.85,265.5,242.15,218.85,195.5,172.15,149.35,136,122.65,109.35
6076,-,6080,312.85,266.2,242.85,219.55,196.2,172.85,149.75,136.4,123.05,109.75,96.4,83.05,312.85,289.55,266.2,242.85,219.55,196.2,172.85,149.75,136.4,123.05,109.75
6081,-,6085,313.55,266.9,243.55,220.25,196.9,173.55,150.25,136.8,123.45,110.15,96.8,83.45,313.55,290.25,266.9,243.55,220.25,196.9,173.55,150.25,136.8,123.45,110.15
6086,-,6090,314.25,267.6,244.25,220.95,197.6,174.25,150.95,137.2,123.85,110.55,97.2,83.85,314.25,290.95,267.6,244.25,220.95,197.6,174.25,150.95,137.2,123.85,110.55
6091,-,6095,314.95,268.3,244.95,221.65,198.3,174.95,151.65,137.6,124.25,110.95,97.6,84.25,314.95,291.65,268.3,244.95,221.65,198.3,174.95,151.65,137.6,124.25,110.95
6096,-,6100,315.65,269,245.65,222.35,199,175.65,152.35,138,124.65,111.35,98,84.65,315.65,292.35,269,245.65,222.35,199,175.65,152.35,138,124.65,111.35
13 of 732,,,,,,,,,,,,,,,,,,,,,,,,,
,,,,,,,,,,,,,,,,,,,,,,,,,
"Jumlah
Saraan Bersih
Bulanan",,,,,,,,,,,,,"POTONGAN CUKAI BULANAN
MONTHLY TAX DEDUCTIONS",,,,,,,,,,,,
Total,,,"Kategori
1",,,,,"Kategori 2
Category 2",,,,,,,,,,,"Kategori 3
Category 3",,,,,,
"Monthly Net
Remuneration",,,"Category
1",,,,,"Jika isteri/suami tidak bekerja
Where wife/husband is not working",,,,,,,,,,,"Jika isteri/suami bekerja
Where wife/husband is working",,,,,,
,,,B,K,KA1,KA2,KA3,KA4,KA5,KA6,KA7,KA8,KA9,KA10,K,KA1,KA2,KA3,KA4,KA5,KA6,KA7,KA8,KA9,KA10
RM,,,RM,RM,RM,RM,RM,RM,RM,RM,RM,RM,RM,RM,RM,RM,RM,RM,RM,RM,RM,RM,RM,RM,RM
6101,-,6105,316.35,269.7,246.35,223.05,199.7,176.35,153.05,138.4,125.05,111.75,98.4,85.05,316.35,293.05,269.7,246.35,223.05,199.7,176.35,153.05,138.4,125.05,111.75
6106,-,6110,317.05,270.4,247.05,223.75,200.4,177.05,153.75,138.8,125.45,112.15,98.8,85.45,317.05,293.75,270.4,247.05,223.75,200.4,177.05,153.75,138.8,125.45,112.15
6111,-,6115,317.75,271.1,247.75,224.45,201.1,177.75,154.45,139.2,125.85,112.55,99.2,85.85,317.75,294.45,271.1,247.75,224.45,201.1,177.75,154.45,139.2,125.85,112.55
6116,-,6120,318.45,271.8,248.45,225.15,201.8,178.45,155.15,139.6,126.25,112.95,99.6,86.25,318.45,295.15,271.8,248.45,225.15,201.8,178.45,155.15,139.6,126.25,112.95
6121,-,6125,319.15,272.5,249.15,225.85,202.5,179.15,155.85,140,126.65,113.35,100,86.65,319.15,295.85,272.5,249.15,225.85,202.5,179.15,155.85,140,126.65,113.35
6126,-,6130,319.85,273.2,249.85,226.55,203.2,179.85,156.55,140.4,127.05,113.75,100.4,87.05,319.85,296.55,273.2,249.85,226.55,203.2,179.85,156.55,140.4,127.05,113.75
6131,-,6135,320.55,273.9,250.55,227.25,203.9,180.55,157.25,140.8,127.45,114.15,100.8,87.45,320.55,297.25,273.9,250.55,227.25,203.9,180.55,157.25,140.8,127.45,114.15
6136,-,6140,321.25,274.6,251.25,227.95,204.6,181.25,157.95,141.2,127.85,114.55,101.2,87.85,321.25,297.95,274.6,251.25,227.95,204.6,181.25,157.95,141.2,127.85,114.55
6141,-,6145,321.95,275.3,251.95,228.65,205.3,181.95,158.65,141.6,128.25,114.95,101.6,88.25,321.95,298.65,275.3,251.95,228.65,205.3,181.95,158.65,141.6,128.25,114.95
6146,-,6150,322.65,276,252.65,229.35,206,182.65,159.35,142,128.65,115.35,102,88.65,322.65,299.35,276,252.65,229.35,206,182.65,159.35,142,128.65,115.35
6151,-,6155,323.35,276.7,253.35,230.05,206.7,183.35,160.05,142.4,129.05,115.75,102.4,89.05,323.35,300.05,276.7,253.35,230.05,206.7,183.35,160.05,142.4,129.05,115.75
6156,-,6160,324.05,277.4,254.05,230.75,207.4,184.05,160.75,142.8,129.45,116.15,102.8,89.45,324.05,300.75,277.4,254.05,230.75,207.4,184.05,160.75,142.8,129.45,116.15
6161,-,6165,324.75,278.1,254.75,231.45,208.1,184.75,161.45,143.2,129.85,116.55,103.2,89.85,324.75,301.45,278.1,254.75,231.45,208.1,184.75,161.45,143.2,129.85,116.55
6166,-,6170,325.45,278.8,255.45,232.15,208.8,185.45,162.15,143.6,130.25,116.95,103.6,90.25,325.45,302.15,278.8,255.45,232.15,208.8,185.45,162.15,143.6,130.25,116.95
6171,-,6175,326.15,279.5,256.15,232.85,209.5,186.15,162.85,144,130.65,117.35,104,90.65,326.15,302.85,279.5,256.15,232.85,209.5,186.15,162.85,144,130.65,117.35
6176,-,6180,326.85,280.2,256.85,233.55,210.2,186.85,163.55,144.4,131.05,117.75,104.4,91.05,326.85,303.55,280.2,256.85,233.55,210.2,186.85,163.55,144.4,131.05,117.75
6181,-,6185,327.55,280.9,257.55,234.25,210.9,187.55,164.25,144.8,131.45,118.15,104.8,91.45,327.55,304.25,280.9,257.55,234.25,210.9,187.55,164.25,144.8,131.45,118.15
6186,-,6190,328.25,281.6,258.25,234.95,211.6,188.25,164.95,145.2,131.85,118.55,105.2,91.85,328.25,304.95,281.6,258.25,234.95,211.6,188.25,164.95,145.2,131.85,118.55
6191,-,6195,328.95,282.3,258.95,235.65,212.3,188.95,165.65,145.6,132.25,118.95,105.6,92.25,328.95,305.65,282.3,258.95,235.65,212.3,188.95,165.65,145.6,132.25,118.95
6196,-,6200,329.65,283,259.65,236.35,213,189.65,166.35,146,132.65,119.35,106,92.65,329.65,306.35,283,259.65,236.35,213,189.65,166.35,146,132.65,119.35
6201,-,6205,330.35,283.7,260.35,237.05,213.7,190.35,167.05,146.4,133.05,119.75,106.4,93.05,330.35,307.05,283.7,260.35,237.05,213.7,190.35,167.05,146.4,133.05,119.75
6206,-,6210,331.05,284.4,261.05,237.75,214.4,191.05,167.75,146.8,133.45,120.15,106.8,93.45,331.05,307.75,284.4,261.05,237.75,214.4,191.05,167.75,146.8,133.45,120.15
6211,-,6215,331.75,285.1,261.75,238.45,215.1,191.75,168.45,147.2,133.85,120.55,107.2,93.85,331.75,308.45,285.1,261.75,238.45,215.1,191.75,168.45,147.2,133.85,120.55
6216,-,6220,332.45,285.8,262.45,239.15,215.8,192.45,169.15,147.6,134.25,120.95,107.6,94.25,332.45,309.15,285.8,262.45,239.15,215.8,192.45,169.15,147.6,134.25,120.95
6221,-,6225,333.15,286.5,263.15,239.85,216.5,193.15,169.85,148,134.65,121.35,108,94.65,333.15,309.85,286.5,263.15,239.85,216.5,193.15,169.85,148,134.65,121.35
6226,-,6230,333.85,287.2,263.85,240.55,217.2,193.85,170.55,148.4,135.05,121.75,108.4,95.05,333.85,310.55,287.2,263.85,240.55,217.2,193.85,170.55,148.4,135.05,121.75
6231,-,6235,334.55,287.9,264.55,241.25,217.9,194.55,171.25,148.8,135.45,122.15,108.8,95.45,334.55,311.25,287.9,264.55,241.25,217.9,194.55,171.25,148.8,135.45,122.15
6236,-,6240,335.25,288.6,265.25,241.95,218.6,195.25,171.95,149.2,135.85,122.55,109.2,95.85,335.25,311.95,288.6,265.25,241.95,218.6,195.25,171.95,149.2,135.85,122.55
6241,-,6245,335.95,289.3,265.95,242.65,219.3,195.95,172.65,149.6,136.25,122.95,109.6,96.25,335.95,312.65,289.3,265.95,242.65,219.3,195.95,172.65,149.6,136.25,122.95
6246,-,6250,336.65,290,266.65,243.35,220,196.65,173.35,150,136.65,123.35,110,96.65,336.65,313.35,290,266.65,243.35,220,196.65,173.35,150,136.65,123.35
6251,-,6255,337.35,290.7,267.35,244.05,220.7,197.35,174.05,150.7,137.05,123.75,110.4,97.05,337.35,314.05,290.7,267.35,244.05,220.7,197.35,174.05,150.7,137.05,123.75
6256,-,6260,338.05,291.4,268.05,244.75,221.4,198.05,174.75,151.4,137.45,124.15,110.8,97.45,338.05,314.75,291.4,268.05,244.75,221.4,198.05,174.75,151.4,137.45,124.15
6261,-,6265,338.75,292.1,268.75,245.45,222.1,198.75,175.45,152.1,137.85,124.55,111.2,97.85,338.75,315.45,292.1,268.75,245.45,222.1,198.75,175.45,152.1,137.85,124.55
6266,-,6270,339.45,292.8,269.45,246.15,222.8,199.45,176.15,152.8,138.25,124.95,111.6,98.25,339.45,316.15,292.8,269.45,246.15,222.8,199.45,176.15,152.8,138.25,124.95
6271,-,6275,340.15,293.5,270.15,246.85,223.5,200.15,176.85,153.5,138.65,125.35,112,98.65,340.15,316.85,293.5,270.15,246.85,223.5,200.15,176.85,153.5,138.65,125.35
6276,-,6280,340.85,294.2,270.85,247.55,224.2,200.85,177.55,154.2,139.05,125.75,112.4,99.05,340.85,317.55,294.2,270.85,247.55,224.2,200.85,177.55,154.2,139.05,125.75
6281,-,6285,341.55,294.9,271.55,248.25,224.9,201.55,178.25,154.9,139.45,126.15,112.8,99.45,341.55,318.25,294.9,271.55,248.25,224.9,201.55,178.25,154.9,139.45,126.15
6286,-,6290,342.25,295.6,272.25,248.95,225.6,202.25,178.95,155.6,139.85,126.55,113.2,99.85,342.25,318.95,295.6,272.25,248.95,225.6,202.25,178.95,155.6,139.85,126.55
6291,-,6295,342.95,296.3,272.95,249.65,226.3,202.95,179.65,156.3,140.25,126.95,113.6,100.25,342.95,319.65,296.3,272.95,249.65,226.3,202.95,179.65,156.3,140.25,126.95
6296,-,6300,343.65,297,273.65,250.35,227,203.65,180.35,157,140.65,127.35,114,100.65,343.65,320.35,297,273.65,250.35,227,203.65,180.35,157,140.65,127.35
6301,-,6305,344.35,297.7,274.35,251.05,227.7,204.35,181.05,157.7,141.05,127.75,114.4,101.05,344.35,321.05,297.7,274.35,251.05,227.7,204.35,181.05,157.7,141.05,127.75
6306,-,6310,345.05,298.4,275.05,251.75,228.4,205.05,181.75,158.4,141.45,128.15,114.8,101.45,345.05,321.75,298.4,275.05,251.75,228.4,205.05,181.75,158.4,141.45,128.15
6311,-,6315,345.75,299.1,275.75,252.45,229.1,205.75,182.45,159.1,141.85,128.55,115.2,101.85,345.75,322.45,299.1,275.75,252.45,229.1,205.75,182.45,159.1,141.85,128.55
6316,-,6320,346.45,299.8,276.45,253.15,229.8,206.45,183.15,159.8,142.25,128.95,115.6,102.25,346.45,323.15,299.8,276.45,253.15,229.8,206.45,183.15,159.8,142.25,128.95
6321,-,6325,347.15,300.5,277.15,253.85,230.5,207.15,183.85,160.5,142.65,129.35,116,102.65,347.15,323.85,300.5,277.15,253.85,230.5,207.15,183.85,160.5,142.65,129.35
6326,-,6330,347.85,301.2,277.85,254.55,231.2,207.85,184.55,161.2,143.05,129.75,116.4,103.05,347.85,324.55,301.2,277.85,254.55,231.2,207.85,184.55,161.2,143.05,129.75
6331,-,6335,348.55,301.9,278.55,255.25,231.9,208.55,185.25,161.9,143.45,130.15,116.8,103.45,348.55,325.25,301.9,278.55,255.25,231.9,208.55,185.25,161.9,143.45,130.15